Workbook

Sheet History
B1: Sheet update 이력
E2: 건축구조설계팀
C3: 수정 내용 | D3: 수정일 | E3: 작성자
B4: 0 | C4: 1차 sheet 완성 - Midas gen 의 ASD 89 적용시에는 휨응력을 My/I 로 적용함. 본 sheet 는 M/S 값을 적용하여 미세한 차이가 있음.(S :공칭단면계수) | D4: 2026.05.21 | E4: 김재동
B5: 1 | C5: Fa2 (K열) 수식 오류 수정 Fa 분모 : (5/3) + (3*세장비/8*Cc) - (Cc^3/8*Cc^3) → (5/3) + (3*세장비/8*Cc) - (세장비^3/8*Cc^3) | D5: 2026.05.22 | E5: 김재동
B6: 2 | C6: Channel 부재 단면 추가 및 변위 산정 table 추가 | D6: 2026.05.26 | E6: 김재동
B7: 3 | C7: Channel 부재 설계 table 추가 | D7: 2026.05.27 | E7: 김재동
B8: 4 | C8: Angle 부재 단면 추가 및 변위 산정 table 추가 | D8: 2026.05.28 | E8: 김재동

Sheet Input_disp_check
A1: T-support (외팔형) Input data & Displacement check sheet
B3: * 붉은 글씨만 입력.
B5: Material : | C5: SS275 | L5: <Note>
B6: Sy : | C6: 275 | D6: Mpa | E6: (AISC. Fy) | G6: Friction coefficient (H1) : | J6: 0.3 | L6: 1. 단면의 Shear deformation 효과는 무시함.
B7: Su : | C7: 410 | D7: Mpa | E7: (AISC. Fu) | G7: Notional load ratio(H2) : | J7: 0.2 | L7: 2. Support 철골의 자중은 무시함.
B8: E : | C8: 210000 | D8: Mpa | E8: (탄성계수) | L8: 3. 변위 기준점은 하중 작용점임. (단 H1에 의한 횡방향 변위는 Beam 의 축방향 변위가 미소하므로 기둥 상단부로 평가. )
B9: v : | C9: 0.3 | D9: (Poisson's ratio) | L9: 4. wind, seismic load 는 적용하지 않음. (Occasional load case 미고려)
B10: G : | C10: =C8/(2*(1+$C$9)) -> 80769.231 | D10: Mpa (전단탄성계수) | L10: 5. Load case : firction H1 과 notional load H2 는 동시에 작용하지 않음. H2 는 기둥 최상단에 작용.
B11: K : | C11: 2 | D11: (유효좌굴계수. Cantilever 2) | L11: operating case-1 : P+H1(friction)
L12: operating case-2 : P+H2(notional load)
L13: 6. Pipe 구속 방향의 변위(수직처짐) 한계는 배관 installation tolerance (1/16" = 1.5875mm) 감안하여 1/16"
L14: 7. Pipe 비구속 방향의 변위(횡변위) H/200
C35: <Input : X-Z Plan> | I35: <Operating case-1 : X-Z Plan displacement> | O35: <Operating case-2 : Y-Z Plan & X-Y Plan displacement>
B38: * table 추가 필요 시 table 최하단행 위로 행 삽입후 행 복사.
B39: H-형강
B40: NO. | C40: H (mm) | D40: MEMBER SIZE | F40: x (mm) | G40: L (mm) | H40: P (kg) | I40: P (N) | J40: H1 (Transe. , kg) | K40: H1 (Transe. , N) | L40: H2 (Longi. , kg) | M40: H2 (Longi. , N) | N40: Column moment (P) (major, N.mm) | O40: Column moment (H1) (major, N.mm) | P40: Column moment (P+H1) (major, N.mm) | Q40: Column moment (H2) (minor, N.mm) | R40: Beam moment (minor, N.mm) | S40: Case-1 Govern | U40: Case-2 Govern | W40: Disp. vertical limit (mm) | X40: Disp. horizontal limit (mm) | Y40: Result
S41: Disp. vertical d1 (mm) | T41: Disp. Hor. d2 (mm) | U41: Disp. Hor. d3 (mm) | V41: Disp. reference d_ref (mm)
B42: 1 | C42: 3000 | D42: H - | E42: 200 | F42: 600 | G42: 300 | H42: 2250 | I42: =H42*9.80665 -> 22064.962 | J42: =H42*$J$6 -> 675 | K42: =J42*9.80665 -> 6619.4887 | L42: =H42*$J$7 -> 450 | M42: =L42*9.80665 -> 4412.9925 | N42: =I42*G42 -> 6619488.7 | O42: =K42*C42 -> 19858466 | P42: =N42+O42 -> 26477955 | Q42: =M42*C42 -> 13238977 | S42: =(I42*G42^3/(3*$C$8*INDEX(profile_H!$J$6:$J$17, MATCH(E42, profile_H!$C$6:$C$17, 0)))) + (I42*C42/($C$8* INDEX(profile_H!$H$6:$H$17, MATCH(E42, profile_H!$C$6:$C$17, 0)))) + (SIN(N42*C42/($C$8*INDEX(profile_H!$J$6:$J$17, MATCH(E42, profile_H!$C$6:$C$17, 0))))*G42) + (SIN(K42*C42^2/(2*$C$8*INDEX(profile_H!$J$6:$J$17, MATCH(E42, profile_H!$C$6:$C$17, 0))))*G42) -> 1.5722575 | T42: =(N42*C42^2/(2*$C$8*INDEX(profile_H!$J$6:$J$17, MATCH(E42, profile_H!$C$6:$C$17, 0))))+ (K42*C42^3/(3*$C$8*INDEX(profile_H!$J$6:$J$17, MATCH(E42, profile_H!$C$6:$C$17, 0)))) -> 9.0156475 | V42: =M42*C42^3/(3*$C$8*INDEX(profile_H!$M$6:$M$17, MATCH(E42, profile_H!$C$6:$C$17, 0))) -> 11.820516 | W42: 1.5875 | X42: =C42/200 -> 15 | Y42: =IF(S42<=W42, IF(MAX(T42,V42)<=X42,"O.K","N.G"),"NG") -> O.K
B43: 2 | C43: 3000 | D43: H - | E43: 150 | F43: 600 | G43: 300 | H43: 800 | I43: =H43*9.80665 -> 7845.32 | J43: =H43*$J$6 -> 240 | K43: =J43*9.80665 -> 2353.596 | L43: =H43*$J$7 -> 160 | M43: =L43*9.80665 -> 1569.064 | N43: =I43*G43 -> 2353596 | O43: =K43*C43 -> 7060788 | P43: =N43+O43 -> 9414384 | Q43: =M43*C43 -> 4707192 | S43: =(I43*G43^3/(3*$C$8*INDEX(profile_H!$J$6:$J$17, MATCH(E43, profile_H!$C$6:$C$17, 0)))) + (I43*C43/($C$8* INDEX(profile_H!$H$6:$H$17, MATCH(E43, profile_H!$C$6:$C$17, 0)))) + (SIN(N43*C43/($C$8*INDEX(profile_H!$J$6:$J$17, MATCH(E43, profile_H!$C$6:$C$17, 0))))*G43) + (SIN(K43*C43^2/(2*$C$8*INDEX(profile_H!$J$6:$J$17, MATCH(E43, profile_H!$C$6:$C$17, 0))))*G43) -> 1.5860491 | T43: =(N43*C43^2/(2*$C$8*INDEX(profile_H!$J$6:$J$17, MATCH(E43, profile_H!$C$6:$C$17, 0))))+ (K43*C43^3/(3*$C$8*INDEX(profile_H!$J$6:$J$17, MATCH(E43, profile_H!$C$6:$C$17, 0)))) -> 9.2257683 | V43: =M43*C43^3/(3*$C$8*INDEX(profile_H!$M$6:$M$17, MATCH(E43, profile_H!$C$6:$C$17, 0))) -> 11.944156 | W43: 1.5875 | X43: =C43/200 -> 15 | Y43: =IF(S43<=W43, IF(MAX(T43,V43)<=X43,"O.K","N.G"),"NG") -> O.K
B44: 3 | C44: 3000 | D44: H - | E44: 125 | F44: 600 | G44: 300 | H44: 400 | I44: =H44*9.80665 -> 3922.66 | J44: =H44*$J$6 -> 120 | K44: =J44*9.80665 -> 1176.798 | L44: =H44*$J$7 -> 80 | M44: =L44*9.80665 -> 784.532 | N44: =I44*G44 -> 1176798 | O44: =K44*C44 -> 3530394 | P44: =N44+O44 -> 4707192 | Q44: =M44*C44 -> 2353596 | S44: =(I44*G44^3/(3*$C$8*INDEX(profile_H!$J$6:$J$17, MATCH(E44, profile_H!$C$6:$C$17, 0)))) + (I44*C44/($C$8* INDEX(profile_H!$H$6:$H$17, MATCH(E44, profile_H!$C$6:$C$17, 0)))) + (SIN(N44*C44/($C$8*INDEX(profile_H!$J$6:$J$17, MATCH(E44, profile_H!$C$6:$C$17, 0))))*G44) + (SIN(K44*C44^2/(2*$C$8*INDEX(profile_H!$J$6:$J$17, MATCH(E44, profile_H!$C$6:$C$17, 0))))*G44) -> 1.5269475 | T44: =(N44*C44^2/(2*$C$8*INDEX(profile_H!$J$6:$J$17, MATCH(E44, profile_H!$C$6:$C$17, 0))))+ (K44*C44^3/(3*$C$8*INDEX(profile_H!$J$6:$J$17, MATCH(E44, profile_H!$C$6:$C$17, 0)))) -> 8.9316765 | V44: =M44*C44^3/(3*$C$8*INDEX(profile_H!$M$6:$M$17, MATCH(E44, profile_H!$C$6:$C$17, 0))) -> 11.475358 | W44: 1.5875 | X44: =C44/200 -> 15 | Y44: =IF(S44<=W44, IF(MAX(T44,V44)<=X44,"O.K","N.G"),"NG") -> O.K
B45: 4 | C45: 2500 | D45: H - | E45: 200 | F45: 600 | G45: 300 | H45: 3000 | I45: =H45*9.80665 -> 29419.95 | J45: =H45*$J$6 -> 900 | K45: =J45*9.80665 -> 8825.985 | L45: =H45*$J$7 -> 600 | M45: =L45*9.80665 -> 5883.99 | N45: =I45*G45 -> 8825985 | O45: =K45*C45 -> 22064962 | P45: =N45+O45 -> 30890947 | Q45: =M45*C45 -> 14709975 | S45: =(I45*G45^3/(3*$C$8*INDEX(profile_H!$J$6:$J$17, MATCH(E45, profile_H!$C$6:$C$17, 0)))) + (I45*C45/($C$8* INDEX(profile_H!$H$6:$H$17, MATCH(E45, profile_H!$C$6:$C$17, 0)))) + (SIN(N45*C45/($C$8*INDEX(profile_H!$J$6:$J$17, MATCH(E45, profile_H!$C$6:$C$17, 0))))*G45) + (SIN(K45*C45^2/(2*$C$8*INDEX(profile_H!$J$6:$J$17, MATCH(E45, profile_H!$C$6:$C$17, 0))))*G45) -> 1.5844488 | T45: =(N45*C45^2/(2*$C$8*INDEX(profile_H!$J$6:$J$17, MATCH(E45, profile_H!$C$6:$C$17, 0))))+ (K45*C45^3/(3*$C$8*INDEX(profile_H!$J$6:$J$17, MATCH(E45, profile_H!$C$6:$C$17, 0)))) -> 7.420286 | V45: =M45*C45^3/(3*$C$8*INDEX(profile_H!$M$6:$M$17, MATCH(E45, profile_H!$C$6:$C$17, 0))) -> 9.1207682 | W45: 1.5875 | X45: =C45/200 -> 12.5 | Y45: =IF(S45<=W45, IF(MAX(T45,V45)<=X45,"O.K","N.G"),"NG") -> O.K
B46: 5 | C46: 2500 | D46: H - | E46: 150 | F46: 600 | G46: 300 | H46: 1050 | I46: =H46*9.80665 -> 10296.983 | J46: =H46*$J$6 -> 315 | K46: =J46*9.80665 -> 3089.0947 | L46: =H46*$J$7 -> 210 | M46: =L46*9.80665 -> 2059.3965 | N46: =I46*G46 -> 3089094.8 | O46: =K46*C46 -> 7722736.9 | P46: =N46+O46 -> 10811832 | Q46: =M46*C46 -> 5148491.2 | S46: =(I46*G46^3/(3*$C$8*INDEX(profile_H!$J$6:$J$17, MATCH(E46, profile_H!$C$6:$C$17, 0)))) + (I46*C46/($C$8* INDEX(profile_H!$H$6:$H$17, MATCH(E46, profile_H!$C$6:$C$17, 0)))) + (SIN(N46*C46/($C$8*INDEX(profile_H!$J$6:$J$17, MATCH(E46, profile_H!$C$6:$C$17, 0))))*G46) + (SIN(K46*C46^2/(2*$C$8*INDEX(profile_H!$J$6:$J$17, MATCH(E46, profile_H!$C$6:$C$17, 0))))*G46) -> 1.5710483 | T46: =(N46*C46^2/(2*$C$8*INDEX(profile_H!$J$6:$J$17, MATCH(E46, profile_H!$C$6:$C$17, 0))))+ (K46*C46^3/(3*$C$8*INDEX(profile_H!$J$6:$J$17, MATCH(E46, profile_H!$C$6:$C$17, 0)))) -> 7.4745808 | V46: =M46*C46^3/(3*$C$8*INDEX(profile_H!$M$6:$M$17, MATCH(E46, profile_H!$C$6:$C$17, 0))) -> 9.0721673 | W46: 1.5875 | X46: =C46/200 -> 12.5 | Y46: =IF(S46<=W46, IF(MAX(T46,V46)<=X46,"O.K","N.G"),"NG") -> O.K
B47: 6 | C47: 2500 | D47: H - | E47: 125 | F47: 600 | G47: 300 | H47: 550 | I47: =H47*9.80665 -> 5393.6575 | J47: =H47*$J$6 -> 165 | K47: =J47*9.80665 -> 1618.0972 | L47: =H47*$J$7 -> 110 | M47: =L47*9.80665 -> 1078.7315 | N47: =I47*G47 -> 1618097.2 | O47: =K47*C47 -> 4045243.1 | P47: =N47+O47 -> 5663340.4 | Q47: =M47*C47 -> 2696828.7 | S47: =(I47*G47^3/(3*$C$8*INDEX(profile_H!$J$6:$J$17, MATCH(E47, profile_H!$C$6:$C$17, 0)))) + (I47*C47/($C$8* INDEX(profile_H!$H$6:$H$17, MATCH(E47, profile_H!$C$6:$C$17, 0)))) + (SIN(N47*C47/($C$8*INDEX(profile_H!$J$6:$J$17, MATCH(E47, profile_H!$C$6:$C$17, 0))))*G47) + (SIN(K47*C47^2/(2*$C$8*INDEX(profile_H!$J$6:$J$17, MATCH(E47, profile_H!$C$6:$C$17, 0))))*G47) -> 1.5836059 | T47: =(N47*C47^2/(2*$C$8*INDEX(profile_H!$J$6:$J$17, MATCH(E47, profile_H!$C$6:$C$17, 0))))+ (K47*C47^3/(3*$C$8*INDEX(profile_H!$J$6:$J$17, MATCH(E47, profile_H!$C$6:$C$17, 0)))) -> 7.5808983 | V47: =M47*C47^3/(3*$C$8*INDEX(profile_H!$M$6:$M$17, MATCH(E47, profile_H!$C$6:$C$17, 0))) -> 9.1311445 | W47: 1.5875 | X47: =C47/200 -> 12.5 | Y47: =IF(S47<=W47, IF(MAX(T47,V47)<=X47,"O.K","N.G"),"NG") -> O.K
B48: 7 | C48: 2100 | D48: H - | E48: 200 | F48: 600 | G48: 300 | H48: 3850 | I48: =H48*9.80665 -> 37755.603 | J48: =H48*$J$6 -> 1155 | K48: =J48*9.80665 -> 11326.681 | L48: =H48*$J$7 -> 770 | M48: =L48*9.80665 -> 7551.1205 | N48: =I48*G48 -> 11326681 | O48: =K48*C48 -> 23786030 | P48: =N48+O48 -> 35112710 | Q48: =M48*C48 -> 15857353 | S48: =(I48*G48^3/(3*$C$8*INDEX(profile_H!$J$6:$J$17, MATCH(E48, profile_H!$C$6:$C$17, 0)))) + (I48*C48/($C$8* INDEX(profile_H!$H$6:$H$17, MATCH(E48, profile_H!$C$6:$C$17, 0)))) + (SIN(N48*C48/($C$8*INDEX(profile_H!$J$6:$J$17, MATCH(E48, profile_H!$C$6:$C$17, 0))))*G48) + (SIN(K48*C48^2/(2*$C$8*INDEX(profile_H!$J$6:$J$17, MATCH(E48, profile_H!$C$6:$C$17, 0))))*G48) -> 1.5695379 | T48: =(N48*C48^2/(2*$C$8*INDEX(profile_H!$J$6:$J$17, MATCH(E48, profile_H!$C$6:$C$17, 0))))+ (K48*C48^3/(3*$C$8*INDEX(profile_H!$J$6:$J$17, MATCH(E48, profile_H!$C$6:$C$17, 0)))) -> 6.0472957 | V48: =M48*C48^3/(3*$C$8*INDEX(profile_H!$M$6:$M$17, MATCH(E48, profile_H!$C$6:$C$17, 0))) -> 6.937592 | W48: 1.5875 | X48: =C48/200 -> 10.5 | Y48: =IF(S48<=W48, IF(MAX(T48,V48)<=X48,"O.K","N.G"),"NG") -> O.K
B49: 8 | C49: 2100 | D49: H - | E49: 150 | F49: 600 | G49: 300 | H49: 1350 | I49: =H49*9.80665 -> 13238.977 | J49: =H49*$J$6 -> 405 | K49: =J49*9.80665 -> 3971.6932 | L49: =H49*$J$7 -> 270 | M49: =L49*9.80665 -> 2647.7955 | N49: =I49*G49 -> 3971693.2 | O49: =K49*C49 -> 8340555.8 | P49: =N49+O49 -> 12312249 | Q49: =M49*C49 -> 5560370.5 | S49: =(I49*G49^3/(3*$C$8*INDEX(profile_H!$J$6:$J$17, MATCH(E49, profile_H!$C$6:$C$17, 0)))) + (I49*C49/($C$8* INDEX(profile_H!$H$6:$H$17, MATCH(E49, profile_H!$C$6:$C$17, 0)))) + (SIN(N49*C49/($C$8*INDEX(profile_H!$J$6:$J$17, MATCH(E49, profile_H!$C$6:$C$17, 0))))*G49) + (SIN(K49*C49^2/(2*$C$8*INDEX(profile_H!$J$6:$J$17, MATCH(E49, profile_H!$C$6:$C$17, 0))))*G49) -> 1.5569621 | T49: =(N49*C49^2/(2*$C$8*INDEX(profile_H!$J$6:$J$17, MATCH(E49, profile_H!$C$6:$C$17, 0))))+ (K49*C49^3/(3*$C$8*INDEX(profile_H!$J$6:$J$17, MATCH(E49, profile_H!$C$6:$C$17, 0)))) -> 6.1028457 | V49: =M49*C49^3/(3*$C$8*INDEX(profile_H!$M$6:$M$17, MATCH(E49, profile_H!$C$6:$C$17, 0))) -> 6.913427 | W49: 1.5875 | X49: =C49/200 -> 10.5 | Y49: =IF(S49<=W49, IF(MAX(T49,V49)<=X49,"O.K","N.G"),"NG") -> O.K
B50: 9 | C50: 2100 | D50: H - | E50: 125 | F50: 600 | G50: 300 | H50: 700 | I50: =H50*9.80665 -> 6864.655 | J50: =H50*$J$6 -> 210 | K50: =J50*9.80665 -> 2059.3965 | L50: =H50*$J$7 -> 140 | M50: =L50*9.80665 -> 1372.931 | N50: =I50*G50 -> 2059396.5 | O50: =K50*C50 -> 4324732.6 | P50: =N50+O50 -> 6384129.1 | Q50: =M50*C50 -> 2883155.1 | S50: =(I50*G50^3/(3*$C$8*INDEX(profile_H!$J$6:$J$17, MATCH(E50, profile_H!$C$6:$C$17, 0)))) + (I50*C50/($C$8* INDEX(profile_H!$H$6:$H$17, MATCH(E50, profile_H!$C$6:$C$17, 0)))) + (SIN(N50*C50/($C$8*INDEX(profile_H!$J$6:$J$17, MATCH(E50, profile_H!$C$6:$C$17, 0))))*G50) + (SIN(K50*C50^2/(2*$C$8*INDEX(profile_H!$J$6:$J$17, MATCH(E50, profile_H!$C$6:$C$17, 0))))*G50) -> 1.5526924 | T50: =(N50*C50^2/(2*$C$8*INDEX(profile_H!$J$6:$J$17, MATCH(E50, profile_H!$C$6:$C$17, 0))))+ (K50*C50^3/(3*$C$8*INDEX(profile_H!$J$6:$J$17, MATCH(E50, profile_H!$C$6:$C$17, 0)))) -> 6.1271301 | V50: =M50*C50^3/(3*$C$8*INDEX(profile_H!$M$6:$M$17, MATCH(E50, profile_H!$C$6:$C$17, 0))) -> 6.8880839 | W50: 1.5875 | X50: =C50/200 -> 10.5 | Y50: =IF(S50<=W50, IF(MAX(T50,V50)<=X50,"O.K","N.G"),"NG") -> O.K
B51: 10 | C51: 1500 | D51: H - | E51: 150 | F51: 600 | G51: 300 | H51: 2200 | I51: =H51*9.80665 -> 21574.63 | J51: =H51*$J$6 -> 660 | K51: =J51*9.80665 -> 6472.389 | L51: =H51*$J$7 -> 440 | M51: =L51*9.80665 -> 4314.926 | N51: =I51*G51 -> 6472389 | O51: =K51*C51 -> 9708583.5 | P51: =N51+O51 -> 16180972 | Q51: =M51*C51 -> 6472389 | S51: =(I51*G51^3/(3*$C$8*INDEX(profile_H!$J$6:$J$17, MATCH(E51, profile_H!$C$6:$C$17, 0)))) + (I51*C51/($C$8* INDEX(profile_H!$H$6:$H$17, MATCH(E51, profile_H!$C$6:$C$17, 0)))) + (SIN(N51*C51/($C$8*INDEX(profile_H!$J$6:$J$17, MATCH(E51, profile_H!$C$6:$C$17, 0))))*G51) + (SIN(K51*C51^2/(2*$C$8*INDEX(profile_H!$J$6:$J$17, MATCH(E51, profile_H!$C$6:$C$17, 0))))*G51) -> 1.5747369 | T51: =(N51*C51^2/(2*$C$8*INDEX(profile_H!$J$6:$J$17, MATCH(E51, profile_H!$C$6:$C$17, 0))))+ (K51*C51^3/(3*$C$8*INDEX(profile_H!$J$6:$J$17, MATCH(E51, profile_H!$C$6:$C$17, 0)))) -> 4.2284771 | V51: =M51*C51^3/(3*$C$8*INDEX(profile_H!$M$6:$M$17, MATCH(E51, profile_H!$C$6:$C$17, 0))) -> 4.1058037 | W51: 1.5875 | X51: =C51/200 -> 7.5 | Y51: =IF(S51<=W51, IF(MAX(T51,V51)<=X51,"O.K","N.G"),"NG") -> O.K
B52: 11 | C52: 1500 | D52: H - | E52: 125 | F52: 600 | G52: 300 | H52: 1150 | I52: =H52*9.80665 -> 11277.647 | J52: =H52*$J$6 -> 345 | K52: =J52*9.80665 -> 3383.2942 | L52: =H52*$J$7 -> 230 | M52: =L52*9.80665 -> 2255.5295 | N52: =I52*G52 -> 3383294.2 | O52: =K52*C52 -> 5074941.4 | P52: =N52+O52 -> 8458235.6 | Q52: =M52*C52 -> 3383294.2 | S52: =(I52*G52^3/(3*$C$8*INDEX(profile_H!$J$6:$J$17, MATCH(E52, profile_H!$C$6:$C$17, 0)))) + (I52*C52/($C$8* INDEX(profile_H!$H$6:$H$17, MATCH(E52, profile_H!$C$6:$C$17, 0)))) + (SIN(N52*C52/($C$8*INDEX(profile_H!$J$6:$J$17, MATCH(E52, profile_H!$C$6:$C$17, 0))))*G52) + (SIN(K52*C52^2/(2*$C$8*INDEX(profile_H!$J$6:$J$17, MATCH(E52, profile_H!$C$6:$C$17, 0))))*G52) -> 1.5815553 | T52: =(N52*C52^2/(2*$C$8*INDEX(profile_H!$J$6:$J$17, MATCH(E52, profile_H!$C$6:$C$17, 0))))+ (K52*C52^3/(3*$C$8*INDEX(profile_H!$J$6:$J$17, MATCH(E52, profile_H!$C$6:$C$17, 0)))) -> 4.2797617 | V52: =M52*C52^3/(3*$C$8*INDEX(profile_H!$M$6:$M$17, MATCH(E52, profile_H!$C$6:$C$17, 0))) -> 4.1239569 | W52: 1.5875 | X52: =C52/200 -> 7.5 | Y52: =IF(S52<=W52, IF(MAX(T52,V52)<=X52,"O.K","N.G"),"NG") -> O.K
B53: 12 | C53: 1000 | D53: H - | E53: 150 | F53: 600 | G53: 300 | H53: 3200 | I53: =H53*9.80665 -> 31381.28 | J53: =H53*$J$6 -> 960 | K53: =J53*9.80665 -> 9414.384 | L53: =H53*$J$7 -> 640 | M53: =L53*9.80665 -> 6276.256 | N53: =I53*G53 -> 9414384 | O53: =K53*C53 -> 9414384 | P53: =N53+O53 -> 18828768 | Q53: =M53*C53 -> 6276256 | S53: =(I53*G53^3/(3*$C$8*INDEX(profile_H!$J$6:$J$17, MATCH(E53, profile_H!$C$6:$C$17, 0)))) + (I53*C53/($C$8* INDEX(profile_H!$H$6:$H$17, MATCH(E53, profile_H!$C$6:$C$17, 0)))) + (SIN(N53*C53/($C$8*INDEX(profile_H!$J$6:$J$17, MATCH(E53, profile_H!$C$6:$C$17, 0))))*G53) + (SIN(K53*C53^2/(2*$C$8*INDEX(profile_H!$J$6:$J$17, MATCH(E53, profile_H!$C$6:$C$17, 0))))*G53) -> 1.3493365 | T53: =(N53*C53^2/(2*$C$8*INDEX(profile_H!$J$6:$J$17, MATCH(E53, profile_H!$C$6:$C$17, 0))))+ (K53*C53^3/(3*$C$8*INDEX(profile_H!$J$6:$J$17, MATCH(E53, profile_H!$C$6:$C$17, 0)))) -> 2.2779675 | V53: =M53*C53^3/(3*$C$8*INDEX(profile_H!$M$6:$M$17, MATCH(E53, profile_H!$C$6:$C$17, 0))) -> 1.7695046 | W53: 1.5875 | X53: =C53/200 -> 5 | Y53: =IF(S53<=W53, IF(MAX(T53,V53)<=X53,"O.K","N.G"),"NG") -> O.K | AA53: Stress govern
B54: 13 | C54: 1000 | D54: H - | E54: 125 | F54: 600 | G54: 300 | H54: 1950 | I54: =H54*9.80665 -> 19122.967 | J54: =H54*$J$6 -> 585 | K54: =J54*9.80665 -> 5736.8902 | L54: =H54*$J$7 -> 390 | M54: =L54*9.80665 -> 3824.5935 | N54: =I54*G54 -> 5736890.2 | O54: =K54*C54 -> 5736890.2 | P54: =N54+O54 -> 11473780 | Q54: =M54*C54 -> 3824593.5 | S54: =(I54*G54^3/(3*$C$8*INDEX(profile_H!$J$6:$J$17, MATCH(E54, profile_H!$C$6:$C$17, 0)))) + (I54*C54/($C$8* INDEX(profile_H!$H$6:$H$17, MATCH(E54, profile_H!$C$6:$C$17, 0)))) + (SIN(N54*C54/($C$8*INDEX(profile_H!$J$6:$J$17, MATCH(E54, profile_H!$C$6:$C$17, 0))))*G54) + (SIN(K54*C54^2/(2*$C$8*INDEX(profile_H!$J$6:$J$17, MATCH(E54, profile_H!$C$6:$C$17, 0))))*G54) -> 1.5781988 | T54: =(N54*C54^2/(2*$C$8*INDEX(profile_H!$J$6:$J$17, MATCH(E54, profile_H!$C$6:$C$17, 0))))+ (K54*C54^3/(3*$C$8*INDEX(profile_H!$J$6:$J$17, MATCH(E54, profile_H!$C$6:$C$17, 0)))) -> 2.687773 | V54: =M54*C54^3/(3*$C$8*INDEX(profile_H!$M$6:$M$17, MATCH(E54, profile_H!$C$6:$C$17, 0))) -> 2.0719397 | W54: 1.5875 | X54: =C54/200 -> 5 | Y54: =IF(S54<=W54, IF(MAX(T54,V54)<=X54,"O.K","N.G"),"NG") -> O.K
B55: 14 | C55: 500 | D55: H - | E55: 150 | F55: 600 | G55: 300 | H55: 4500 | I55: =H55*9.80665 -> 44129.925 | J55: =H55*$J$6 -> 1350 | K55: =J55*9.80665 -> 13238.977 | L55: =H55*$J$7 -> 900 | M55: =L55*9.80665 -> 8825.985 | N55: =I55*G55 -> 13238977 | O55: =K55*C55 -> 6619488.7 | P55: =N55+O55 -> 19858466 | Q55: =M55*C55 -> 4412992.5 | S55: =(I55*G55^3/(3*$C$8*INDEX(profile_H!$J$6:$J$17, MATCH(E55, profile_H!$C$6:$C$17, 0)))) + (I55*C55/($C$8* INDEX(profile_H!$H$6:$H$17, MATCH(E55, profile_H!$C$6:$C$17, 0)))) + (SIN(N55*C55/($C$8*INDEX(profile_H!$J$6:$J$17, MATCH(E55, profile_H!$C$6:$C$17, 0))))*G55) + (SIN(K55*C55^2/(2*$C$8*INDEX(profile_H!$J$6:$J$17, MATCH(E55, profile_H!$C$6:$C$17, 0))))*G55) -> 0.86226109 | T55: =(N55*C55^2/(2*$C$8*INDEX(profile_H!$J$6:$J$17, MATCH(E55, profile_H!$C$6:$C$17, 0))))+ (K55*C55^3/(3*$C$8*INDEX(profile_H!$J$6:$J$17, MATCH(E55, profile_H!$C$6:$C$17, 0)))) -> 0.64067835 | V55: =M55*C55^3/(3*$C$8*INDEX(profile_H!$M$6:$M$17, MATCH(E55, profile_H!$C$6:$C$17, 0))) -> 0.31104574 | W55: 1.5875 | X55: =C55/200 -> 2.5 | Y55: =IF(S55<=W55, IF(MAX(T55,V55)<=X55,"O.K","N.G"),"NG") -> O.K | AA55: Stress govern
B56: 15 | C56: 500 | D56: H - | E56: 125 | F56: 600 | G56: 300 | H56: 2900 | I56: =H56*9.80665 -> 28439.285 | J56: =H56*$J$6 -> 870 | K56: =J56*9.80665 -> 8531.7855 | L56: =H56*$J$7 -> 580 | M56: =L56*9.80665 -> 5687.857 | N56: =I56*G56 -> 8531785.5 | O56: =K56*C56 -> 4265892.8 | P56: =N56+O56 -> 12797678 | Q56: =M56*C56 -> 2843928.5 | S56: =(I56*G56^3/(3*$C$8*INDEX(profile_H!$J$6:$J$17, MATCH(E56, profile_H!$C$6:$C$17, 0)))) + (I56*C56/($C$8* INDEX(profile_H!$H$6:$H$17, MATCH(E56, profile_H!$C$6:$C$17, 0)))) + (SIN(N56*C56/($C$8*INDEX(profile_H!$J$6:$J$17, MATCH(E56, profile_H!$C$6:$C$17, 0))))*G56) + (SIN(K56*C56^2/(2*$C$8*INDEX(profile_H!$J$6:$J$17, MATCH(E56, profile_H!$C$6:$C$17, 0))))*G56) -> 1.0656088 | T56: =(N56*C56^2/(2*$C$8*INDEX(profile_H!$J$6:$J$17, MATCH(E56, profile_H!$C$6:$C$17, 0))))+ (K56*C56^3/(3*$C$8*INDEX(profile_H!$J$6:$J$17, MATCH(E56, profile_H!$C$6:$C$17, 0)))) -> 0.79944018 | V56: =M56*C56^3/(3*$C$8*INDEX(profile_H!$M$6:$M$17, MATCH(E56, profile_H!$C$6:$C$17, 0))) -> 0.38516828 | W56: 1.5875 | X56: =C56/200 -> 2.5 | Y56: =IF(S56<=W56, IF(MAX(T56,V56)<=X56,"O.K","N.G"),"NG") -> O.K | AA56: Stress govern
B61: * table 추가 필요 시 table 최하단행 위로 행 삽입후 행 복사.
B62: Channel
B63: NO. | C63: H (mm) | D63: MEMBER SIZE | F63: x (mm) | G63: L (mm) | H63: P (kg) | I63: P (N) | J63: H1 (Transe. , kg) | K63: H1 (Transe. , N) | L63: H2 (Longi. , kg) | M63: H2 (Longi. , N) | N63: Column moment (P) (major, N.mm) | O63: Column moment (H1) (major, N.mm) | P63: Column moment (P+H1) (major, N.mm) | Q63: Column moment (H2) (minor, N.mm) | R63: Beam moment (minor, N.mm) | S63: Case-1 Govern | U63: Case-2 Govern | W63: Disp. vertical limit (mm) | X63: Disp. horizontal limit (mm) | Y63: Result
S64: Disp. vertical d1 (mm) | T64: Disp. Hor. d2 (mm) | U64: Disp. Hor. d3 (mm) | V64: Disp. reference d_ref (mm)
B65: 1 | C65: 3000 | D65: C - | E65: 200 | F65: 600 | G65: 300 | H65: 450 | I65: =H65*9.80665 -> 4412.9925 | J65: =H65*$J$6 -> 135 | K65: =J65*9.80665 -> 1323.8977 | L65: =H65*$J$7 -> 90 | M65: =L65*9.80665 -> 882.5985 | N65: =I65*G65 -> 1323897.7 | O65: =K65*C65 -> 3971693.2 | P65: =N65+O65 -> 5295591 | Q65: =M65*C65 -> 2647795.5 | S65: =(I65*G65^3/(3*$C$8*INDEX(profile_C!$J$6:$J$20, MATCH(E65, profile_C!$C$6:$C$20, 0)))) + (I65*C65/($C$8* INDEX(profile_C!$H$6:$H$20, MATCH(E65, profile_C!$C$6:$C$20, 0)))) + (SIN(N65*C65/($C$8*INDEX(profile_C!$J$6:$J$20, MATCH(E65, profile_C!$C$6:$C$20, 0))))*G65) + (SIN(K65*C65^2/(2*$C$8*INDEX(profile_C!$J$6:$J$20, MATCH(E65, profile_C!$C$6:$C$20, 0))))*G65) -> 0.59357001 | T65: =(N65*C65^2/(2*$C$8*INDEX(profile_C!$J$6:$J$20, MATCH(E65, profile_C!$C$6:$C$20, 0))))+ (K65*C65^3/(3*$C$8*INDEX(profile_C!$J$6:$J$20, MATCH(E65, profile_C!$C$6:$C$20, 0)))) -> 3.4179804 | V65: =M65*C65^3/(3*$C$8*INDEX(profile_C!$M$6:$M$20, MATCH(E65, profile_C!$C$6:$C$20, 0))) -> 13.655469 | W65: 1.5875 | X65: =C65/200 -> 15 | Y65: =IF(S65<=W65, IF(MAX(T65,V65)<=X65,"O.K","N.G"),"NG") -> O.K
B66: 2 | C66: 2500 | D66: C - | E66: 200 | F66: 600 | G66: 300 | H66: 700 | I66: =H66*9.80665 -> 6864.655 | J66: =H66*$J$6 -> 210 | K66: =J66*9.80665 -> 2059.3965 | L66: =H66*$J$7 -> 140 | M66: =L66*9.80665 -> 1372.931 | N66: =I66*G66 -> 2059396.5 | O66: =K66*C66 -> 5148491.2 | P66: =N66+O66 -> 7207887.8 | Q66: =M66*C66 -> 3432327.5 | S66: =(I66*G66^3/(3*$C$8*INDEX(profile_C!$J$6:$J$20, MATCH(E66, profile_C!$C$6:$C$20, 0)))) + (I66*C66/($C$8* INDEX(profile_C!$H$6:$H$20, MATCH(E66, profile_C!$C$6:$C$20, 0)))) + (SIN(N66*C66/($C$8*INDEX(profile_C!$J$6:$J$20, MATCH(E66, profile_C!$C$6:$C$20, 0))))*G66) + (SIN(K66*C66^2/(2*$C$8*INDEX(profile_C!$J$6:$J$20, MATCH(E66, profile_C!$C$6:$C$20, 0))))*G66) -> 0.69756654 | T66: =(N66*C66^2/(2*$C$8*INDEX(profile_C!$J$6:$J$20, MATCH(E66, profile_C!$C$6:$C$20, 0))))+ (K66*C66^3/(3*$C$8*INDEX(profile_C!$J$6:$J$20, MATCH(E66, profile_C!$C$6:$C$20, 0)))) -> 3.2820114 | V66: =M66*C66^3/(3*$C$8*INDEX(profile_C!$M$6:$M$20, MATCH(E66, profile_C!$C$6:$C$20, 0))) -> 12.292732 | W66: 1.5875 | X66: =C66/200 -> 12.5 | Y66: =IF(S66<=W66, IF(MAX(T66,V66)<=X66,"O.K","N.G"),"NG") -> O.K
B67: 3 | C67: 2100 | D67: C - | E67: 150 | F67: 600 | G67: 300 | H67: 400 | I67: =H67*9.80665 -> 3922.66 | J67: =H67*$J$6 -> 120 | K67: =J67*9.80665 -> 1176.798 | L67: =H67*$J$7 -> 80 | M67: =L67*9.80665 -> 784.532 | N67: =I67*G67 -> 1176798 | O67: =K67*C67 -> 2471275.8 | P67: =N67+O67 -> 3648073.8 | Q67: =M67*C67 -> 1647517.2 | S67: =(I67*G67^3/(3*$C$8*INDEX(profile_C!$J$6:$J$20, MATCH(E67, profile_C!$C$6:$C$20, 0)))) + (I67*C67/($C$8* INDEX(profile_C!$H$6:$H$20, MATCH(E67, profile_C!$C$6:$C$20, 0)))) + (SIN(N67*C67/($C$8*INDEX(profile_C!$J$6:$J$20, MATCH(E67, profile_C!$C$6:$C$20, 0))))*G67) + (SIN(K67*C67^2/(2*$C$8*INDEX(profile_C!$J$6:$J$20, MATCH(E67, profile_C!$C$6:$C$20, 0))))*G67) -> 0.87663949 | T67: =(N67*C67^2/(2*$C$8*INDEX(profile_C!$J$6:$J$20, MATCH(E67, profile_C!$C$6:$C$20, 0))))+ (K67*C67^3/(3*$C$8*INDEX(profile_C!$J$6:$J$20, MATCH(E67, profile_C!$C$6:$C$20, 0)))) -> 3.4442868 | V67: =M67*C67^3/(3*$C$8*INDEX(profile_C!$M$6:$M$20, MATCH(E67, profile_C!$C$6:$C$20, 0))) -> 9.8569405 | W67: 1.5875 | X67: =C67/200 -> 10.5 | Y67: =IF(S67<=W67, IF(MAX(T67,V67)<=X67,"O.K","N.G"),"NG") -> O.K
B68: 4 | C68: 1900 | D68: C - | E68: 125 | F68: 600 | G68: 300 | H68: 250 | I68: =H68*9.80665 -> 2451.6625 | J68: =H68*$J$6 -> 75 | K68: =J68*9.80665 -> 735.49875 | L68: =H68*$J$7 -> 50 | M68: =L68*9.80665 -> 490.3325 | N68: =I68*G68 -> 735498.75 | O68: =K68*C68 -> 1397447.6 | P68: =N68+O68 -> 2132946.4 | Q68: =M68*C68 -> 931631.75 | S68: =(I68*G68^3/(3*$C$8*INDEX(profile_C!$J$6:$J$20, MATCH(E68, profile_C!$C$6:$C$20, 0)))) + (I68*C68/($C$8* INDEX(profile_C!$H$6:$H$20, MATCH(E68, profile_C!$C$6:$C$20, 0)))) + (SIN(N68*C68/($C$8*INDEX(profile_C!$J$6:$J$20, MATCH(E68, profile_C!$C$6:$C$20, 0))))*G68) + (SIN(K68*C68^2/(2*$C$8*INDEX(profile_C!$J$6:$J$20, MATCH(E68, profile_C!$C$6:$C$20, 0))))*G68) -> 0.95587916 | T68: =(N68*C68^2/(2*$C$8*INDEX(profile_C!$J$6:$J$20, MATCH(E68, profile_C!$C$6:$C$20, 0))))+ (K68*C68^3/(3*$C$8*INDEX(profile_C!$J$6:$J$20, MATCH(E68, profile_C!$C$6:$C$20, 0)))) -> 3.3795716 | V68: =M68*C68^3/(3*$C$8*INDEX(profile_C!$M$6:$M$20, MATCH(E68, profile_C!$C$6:$C$20, 0))) -> 8.6381842 | W68: 1.5875 | X68: =C68/200 -> 9.5 | Y68: =IF(S68<=W68, IF(MAX(T68,V68)<=X68,"O.K","N.G"),"NG") -> O.K
B69: 5 | C69: 1500 | D69: C - | E69: 150 | F69: 600 | G69: 300 | H69: 650 | I69: =H69*9.80665 -> 6374.3225 | J69: =H69*$J$6 -> 195 | K69: =J69*9.80665 -> 1912.2967 | L69: =H69*$J$7 -> 130 | M69: =L69*9.80665 -> 1274.8645 | N69: =I69*G69 -> 1912296.7 | O69: =K69*C69 -> 2868445.1 | P69: =N69+O69 -> 4780741.9 | Q69: =M69*C69 -> 1912296.7 | S69: =(I69*G69^3/(3*$C$8*INDEX(profile_C!$J$6:$J$20, MATCH(E69, profile_C!$C$6:$C$20, 0)))) + (I69*C69/($C$8* INDEX(profile_C!$H$6:$H$20, MATCH(E69, profile_C!$C$6:$C$20, 0)))) + (SIN(N69*C69/($C$8*INDEX(profile_C!$J$6:$J$20, MATCH(E69, profile_C!$C$6:$C$20, 0))))*G69) + (SIN(K69*C69^2/(2*$C$8*INDEX(profile_C!$J$6:$J$20, MATCH(E69, profile_C!$C$6:$C$20, 0))))*G69) -> 0.88381365 | T69: =(N69*C69^2/(2*$C$8*INDEX(profile_C!$J$6:$J$20, MATCH(E69, profile_C!$C$6:$C$20, 0))))+ (K69*C69^3/(3*$C$8*INDEX(profile_C!$J$6:$J$20, MATCH(E69, profile_C!$C$6:$C$20, 0)))) -> 2.3796625 | V69: =M69*C69^3/(3*$C$8*INDEX(profile_C!$M$6:$M$20, MATCH(E69, profile_C!$C$6:$C$20, 0))) -> 5.8372917 | W69: 1.5875 | X69: =C69/200 -> 7.5 | Y69: =IF(S69<=W69, IF(MAX(T69,V69)<=X69,"O.K","N.G"),"NG") -> O.K | AA69: Stress govern
B70: 6 | C70: 1500 | D70: C - | E70: 125 | F70: 600 | G70: 300 | H70: 400 | I70: =H70*9.80665 -> 3922.66 | J70: =H70*$J$6 -> 120 | K70: =J70*9.80665 -> 1176.798 | L70: =H70*$J$7 -> 80 | M70: =L70*9.80665 -> 784.532 | N70: =I70*G70 -> 1176798 | O70: =K70*C70 -> 1765197 | P70: =N70+O70 -> 2941995 | Q70: =M70*C70 -> 1176798 | S70: =(I70*G70^3/(3*$C$8*INDEX(profile_C!$J$6:$J$20, MATCH(E70, profile_C!$C$6:$C$20, 0)))) + (I70*C70/($C$8* INDEX(profile_C!$H$6:$H$20, MATCH(E70, profile_C!$C$6:$C$20, 0)))) + (SIN(N70*C70/($C$8*INDEX(profile_C!$J$6:$J$20, MATCH(E70, profile_C!$C$6:$C$20, 0))))*G70) + (SIN(K70*C70^2/(2*$C$8*INDEX(profile_C!$J$6:$J$20, MATCH(E70, profile_C!$C$6:$C$20, 0))))*G70) -> 1.0968249 | T70: =(N70*C70^2/(2*$C$8*INDEX(profile_C!$J$6:$J$20, MATCH(E70, profile_C!$C$6:$C$20, 0))))+ (K70*C70^3/(3*$C$8*INDEX(profile_C!$J$6:$J$20, MATCH(E70, profile_C!$C$6:$C$20, 0)))) -> 2.9737146 | V70: =M70*C70^3/(3*$C$8*INDEX(profile_C!$M$6:$M$20, MATCH(E70, profile_C!$C$6:$C$20, 0))) -> 6.8007282 | W70: 1.5875 | X70: =C70/200 -> 7.5 | Y70: =IF(S70<=W70, IF(MAX(T70,V70)<=X70,"O.K","N.G"),"NG") -> O.K | AA70: Stress govern
B71: 7 | C71: 1500 | D71: C - | E71: 100 | F71: 600 | G71: 300 | H71: 150 | I71: =H71*9.80665 -> 1470.9975 | J71: =H71*$J$6 -> 45 | K71: =J71*9.80665 -> 441.29925 | L71: =H71*$J$7 -> 30 | M71: =L71*9.80665 -> 294.1995 | N71: =I71*G71 -> 441299.25 | O71: =K71*C71 -> 661948.88 | P71: =N71+O71 -> 1103248.1 | Q71: =M71*C71 -> 441299.25 | S71: =(I71*G71^3/(3*$C$8*INDEX(profile_C!$J$6:$J$20, MATCH(E71, profile_C!$C$6:$C$20, 0)))) + (I71*C71/($C$8* INDEX(profile_C!$H$6:$H$20, MATCH(E71, profile_C!$C$6:$C$20, 0)))) + (SIN(N71*C71/($C$8*INDEX(profile_C!$J$6:$J$20, MATCH(E71, profile_C!$C$6:$C$20, 0))))*G71) + (SIN(K71*C71^2/(2*$C$8*INDEX(profile_C!$J$6:$J$20, MATCH(E71, profile_C!$C$6:$C$20, 0))))*G71) -> 0.92259891 | T71: =(N71*C71^2/(2*$C$8*INDEX(profile_C!$J$6:$J$20, MATCH(E71, profile_C!$C$6:$C$20, 0))))+ (K71*C71^3/(3*$C$8*INDEX(profile_C!$J$6:$J$20, MATCH(E71, profile_C!$C$6:$C$20, 0)))) -> 2.5150033 | V71: =M71*C71^3/(3*$C$8*INDEX(profile_C!$M$6:$M$20, MATCH(E71, profile_C!$C$6:$C$20, 0))) -> 6.0618029 | W71: 1.5875 | X71: =C71/200 -> 7.5 | Y71: =IF(S71<=W71, IF(MAX(T71,V71)<=X71,"O.K","N.G"),"NG") -> O.K | AA71: 세장비 say OK
B72: 8 | C72: 1000 | D72: C - | E72: 150 | F72: 600 | G72: 300 | H72: 950 | I72: =H72*9.80665 -> 9316.3175 | J72: =H72*$J$6 -> 285 | K72: =J72*9.80665 -> 2794.8953 | L72: =H72*$J$7 -> 190 | M72: =L72*9.80665 -> 1863.2635 | N72: =I72*G72 -> 2794895.2 | O72: =K72*C72 -> 2794895.2 | P72: =N72+O72 -> 5589790.5 | Q72: =M72*C72 -> 1863263.5 | S72: =(I72*G72^3/(3*$C$8*INDEX(profile_C!$J$6:$J$20, MATCH(E72, profile_C!$C$6:$C$20, 0)))) + (I72*C72/($C$8* INDEX(profile_C!$H$6:$H$20, MATCH(E72, profile_C!$C$6:$C$20, 0)))) + (SIN(N72*C72/($C$8*INDEX(profile_C!$J$6:$J$20, MATCH(E72, profile_C!$C$6:$C$20, 0))))*G72) + (SIN(K72*C72^2/(2*$C$8*INDEX(profile_C!$J$6:$J$20, MATCH(E72, profile_C!$C$6:$C$20, 0))))*G72) -> 0.76067719 | T72: =(N72*C72^2/(2*$C$8*INDEX(profile_C!$J$6:$J$20, MATCH(E72, profile_C!$C$6:$C$20, 0))))+ (K72*C72^3/(3*$C$8*INDEX(profile_C!$J$6:$J$20, MATCH(E72, profile_C!$C$6:$C$20, 0)))) -> 1.2881364 | V72: =M72*C72^3/(3*$C$8*INDEX(profile_C!$M$6:$M$20, MATCH(E72, profile_C!$C$6:$C$20, 0))) -> 2.52783 | W72: 1.5875 | X72: =C72/200 -> 5 | Y72: =IF(S72<=W72, IF(MAX(T72,V72)<=X72,"O.K","N.G"),"NG") -> O.K | AA72: Stress govern
B73: 9 | C73: 1000 | D73: C - | E73: 125 | F73: 600 | G73: 300 | H73: 550 | I73: =H73*9.80665 -> 5393.6575 | J73: =H73*$J$6 -> 165 | K73: =J73*9.80665 -> 1618.0972 | L73: =H73*$J$7 -> 110 | M73: =L73*9.80665 -> 1078.7315 | N73: =I73*G73 -> 1618097.2 | O73: =K73*C73 -> 1618097.2 | P73: =N73+O73 -> 3236194.5 | Q73: =M73*C73 -> 1078731.5 | S73: =(I73*G73^3/(3*$C$8*INDEX(profile_C!$J$6:$J$20, MATCH(E73, profile_C!$C$6:$C$20, 0)))) + (I73*C73/($C$8* INDEX(profile_C!$H$6:$H$20, MATCH(E73, profile_C!$C$6:$C$20, 0)))) + (SIN(N73*C73/($C$8*INDEX(profile_C!$J$6:$J$20, MATCH(E73, profile_C!$C$6:$C$20, 0))))*G73) + (SIN(K73*C73^2/(2*$C$8*INDEX(profile_C!$J$6:$J$20, MATCH(E73, profile_C!$C$6:$C$20, 0))))*G73) -> 0.88730044 | T73: =(N73*C73^2/(2*$C$8*INDEX(profile_C!$J$6:$J$20, MATCH(E73, profile_C!$C$6:$C$20, 0))))+ (K73*C73^3/(3*$C$8*INDEX(profile_C!$J$6:$J$20, MATCH(E73, profile_C!$C$6:$C$20, 0)))) -> 1.5143917 | V73: =M73*C73^3/(3*$C$8*INDEX(profile_C!$M$6:$M$20, MATCH(E73, profile_C!$C$6:$C$20, 0))) -> 2.770667 | W73: 1.5875 | X73: =C73/200 -> 5 | Y73: =IF(S73<=W73, IF(MAX(T73,V73)<=X73,"O.K","N.G"),"NG") -> O.K | AA73: Stress govern
B74: 10 | C74: 1000 | D74: C - | E74: 100 | F74: 600 | G74: 300 | H74: 300 | I74: =H74*9.80665 -> 2941.995 | J74: =H74*$J$6 -> 90 | K74: =J74*9.80665 -> 882.5985 | L74: =H74*$J$7 -> 60 | M74: =L74*9.80665 -> 588.399 | N74: =I74*G74 -> 882598.5 | O74: =K74*C74 -> 882598.5 | P74: =N74+O74 -> 1765197 | Q74: =M74*C74 -> 588399 | S74: =(I74*G74^3/(3*$C$8*INDEX(profile_C!$J$6:$J$20, MATCH(E74, profile_C!$C$6:$C$20, 0)))) + (I74*C74/($C$8* INDEX(profile_C!$H$6:$H$20, MATCH(E74, profile_C!$C$6:$C$20, 0)))) + (SIN(N74*C74/($C$8*INDEX(profile_C!$J$6:$J$20, MATCH(E74, profile_C!$C$6:$C$20, 0))))*G74) + (SIN(K74*C74^2/(2*$C$8*INDEX(profile_C!$J$6:$J$20, MATCH(E74, profile_C!$C$6:$C$20, 0))))*G74) -> 1.0848204 | T74: =(N74*C74^2/(2*$C$8*INDEX(profile_C!$J$6:$J$20, MATCH(E74, profile_C!$C$6:$C$20, 0))))+ (K74*C74^3/(3*$C$8*INDEX(profile_C!$J$6:$J$20, MATCH(E74, profile_C!$C$6:$C$20, 0)))) -> 1.8629654 | V74: =M74*C74^3/(3*$C$8*INDEX(profile_C!$M$6:$M$20, MATCH(E74, profile_C!$C$6:$C$20, 0))) -> 3.5921795 | W74: 1.5875 | X74: =C74/200 -> 5 | Y74: =IF(S74<=W74, IF(MAX(T74,V74)<=X74,"O.K","N.G"),"NG") -> O.K | AA74: Stress govern
B75: 11 | C75: 500 | D75: C - | E75: 150 | F75: 600 | G75: 300 | H75: 1600 | I75: =H75*9.80665 -> 15690.64 | J75: =H75*$J$6 -> 480 | K75: =J75*9.80665 -> 4707.192 | L75: =H75*$J$7 -> 320 | M75: =L75*9.80665 -> 3138.128 | N75: =I75*G75 -> 4707192 | O75: =K75*C75 -> 2353596 | P75: =N75+O75 -> 7060788 | Q75: =M75*C75 -> 1569064 | S75: =(I75*G75^3/(3*$C$8*INDEX(profile_C!$J$6:$J$20, MATCH(E75, profile_C!$C$6:$C$20, 0)))) + (I75*C75/($C$8* INDEX(profile_C!$H$6:$H$20, MATCH(E75, profile_C!$C$6:$C$20, 0)))) + (SIN(N75*C75/($C$8*INDEX(profile_C!$J$6:$J$20, MATCH(E75, profile_C!$C$6:$C$20, 0))))*G75) + (SIN(K75*C75^2/(2*$C$8*INDEX(profile_C!$J$6:$J$20, MATCH(E75, profile_C!$C$6:$C$20, 0))))*G75) -> 0.58199402 | T75: =(N75*C75^2/(2*$C$8*INDEX(profile_C!$J$6:$J$20, MATCH(E75, profile_C!$C$6:$C$20, 0))))+ (K75*C75^3/(3*$C$8*INDEX(profile_C!$J$6:$J$20, MATCH(E75, profile_C!$C$6:$C$20, 0)))) -> 0.43389857 | V75: =M75*C75^3/(3*$C$8*INDEX(profile_C!$M$6:$M$20, MATCH(E75, profile_C!$C$6:$C$20, 0))) -> 0.53217474 | W75: 1.5875 | X75: =C75/200 -> 2.5 | Y75: =IF(S75<=W75, IF(MAX(T75,V75)<=X75,"O.K","N.G"),"NG") -> O.K | AA75: Stress govern
B76: 12 | C76: 500 | D76: C - | E76: 125 | F76: 600 | G76: 300 | H76: 950 | I76: =H76*9.80665 -> 9316.3175 | J76: =H76*$J$6 -> 285 | K76: =J76*9.80665 -> 2794.8953 | L76: =H76*$J$7 -> 190 | M76: =L76*9.80665 -> 1863.2635 | N76: =I76*G76 -> 2794895.2 | O76: =K76*C76 -> 1397447.6 | P76: =N76+O76 -> 4192342.9 | Q76: =M76*C76 -> 931631.75 | S76: =(I76*G76^3/(3*$C$8*INDEX(profile_C!$J$6:$J$20, MATCH(E76, profile_C!$C$6:$C$20, 0)))) + (I76*C76/($C$8* INDEX(profile_C!$H$6:$H$20, MATCH(E76, profile_C!$C$6:$C$20, 0)))) + (SIN(N76*C76/($C$8*INDEX(profile_C!$J$6:$J$20, MATCH(E76, profile_C!$C$6:$C$20, 0))))*G76) + (SIN(K76*C76^2/(2*$C$8*INDEX(profile_C!$J$6:$J$20, MATCH(E76, profile_C!$C$6:$C$20, 0))))*G76) -> 0.6956793 | T76: =(N76*C76^2/(2*$C$8*INDEX(profile_C!$J$6:$J$20, MATCH(E76, profile_C!$C$6:$C$20, 0))))+ (K76*C76^3/(3*$C$8*INDEX(profile_C!$J$6:$J$20, MATCH(E76, profile_C!$C$6:$C$20, 0)))) -> 0.5231535 | V76: =M76*C76^3/(3*$C$8*INDEX(profile_C!$M$6:$M$20, MATCH(E76, profile_C!$C$6:$C$20, 0))) -> 0.5982122 | W76: 1.5875 | X76: =C76/200 -> 2.5 | Y76: =IF(S76<=W76, IF(MAX(T76,V76)<=X76,"O.K","N.G"),"NG") -> O.K | AA76: Stress govern
B77: 13 | C77: 500 | D77: C - | E77: 100 | F77: 600 | G77: 300 | H77: 500 | I77: =H77*9.80665 -> 4903.325 | J77: =H77*$J$6 -> 150 | K77: =J77*9.80665 -> 1470.9975 | L77: =H77*$J$7 -> 100 | M77: =L77*9.80665 -> 980.665 | N77: =I77*G77 -> 1470997.5 | O77: =K77*C77 -> 735498.75 | P77: =N77+O77 -> 2206496.2 | Q77: =M77*C77 -> 490332.5 | S77: =(I77*G77^3/(3*$C$8*INDEX(profile_C!$J$6:$J$20, MATCH(E77, profile_C!$C$6:$C$20, 0)))) + (I77*C77/($C$8* INDEX(profile_C!$H$6:$H$20, MATCH(E77, profile_C!$C$6:$C$20, 0)))) + (SIN(N77*C77/($C$8*INDEX(profile_C!$J$6:$J$20, MATCH(E77, profile_C!$C$6:$C$20, 0))))*G77) + (SIN(K77*C77^2/(2*$C$8*INDEX(profile_C!$J$6:$J$20, MATCH(E77, profile_C!$C$6:$C$20, 0))))*G77) -> 0.82018375 | T77: =(N77*C77^2/(2*$C$8*INDEX(profile_C!$J$6:$J$20, MATCH(E77, profile_C!$C$6:$C$20, 0))))+ (K77*C77^3/(3*$C$8*INDEX(profile_C!$J$6:$J$20, MATCH(E77, profile_C!$C$6:$C$20, 0)))) -> 0.62098848 | V77: =M77*C77^3/(3*$C$8*INDEX(profile_C!$M$6:$M$20, MATCH(E77, profile_C!$C$6:$C$20, 0))) -> 0.74837073 | W77: 1.5875 | X77: =C77/200 -> 2.5 | Y77: =IF(S77<=W77, IF(MAX(T77,V77)<=X77,"O.K","N.G"),"NG") -> O.K | AA77: Stress govern
B83: * table 추가 필요 시 table 최하단행 위로 행 삽입후 행 복사.
B84: Angle
B85: NO. | C85: H (mm) | D85: MEMBER SIZE | F85: x (mm) | G85: L (mm) | H85: P (kg) | I85: P (N) | J85: H1 (Transe. , kg) | K85: H1 (Transe. , N) | L85: H2 (Longi. , kg) | M85: H2 (Longi. , N) | N85: Column moment (P) (major, N.mm) | O85: Column moment (H1) (major, N.mm) | P85: Column moment (P+H1) (major, N.mm) | Q85: Column moment (H2) (minor, N.mm) | R85: Beam moment (minor, N.mm) | S85: Case-1 Govern | U85: Case-2 Govern | W85: Disp. vertical limit (mm) | X85: Disp. horizontal limit (mm) | Y85: Result
S86: Disp. vertical d1 (mm) | T86: Disp. Hor. d2 (mm) | U86: Disp. Hor. d3 (mm) | V86: Disp. reference d_ref (mm)
B87: 1 | C87: 1000 | D87: L - | E87: 75 | F87: 600 | G87: 300 | H87: 150 | I87: =H87*9.80665 -> 1470.9975 | J87: =H87*$J$6 -> 45 | K87: =J87*9.80665 -> 441.29925 | L87: =H87*$J$7 -> 30 | M87: =L87*9.80665 -> 294.1995 | N87: =I87*G87 -> 441299.25 | O87: =K87*C87 -> 441299.25 | P87: =N87+O87 -> 882598.5 | Q87: =M87*C87 -> 294199.5 | S87: =(I87*G87^3/(3*$C$8*INDEX(profile_L!$J$6:$J$20, MATCH(E87, profile_L!$C$6:$C$20, 0)))) + (I87*C87/($C$8* INDEX(profile_L!$H$6:$H$20, MATCH(E87, profile_L!$C$6:$C$20, 0)))) + (SIN(N87*C87/($C$8*INDEX(profile_L!$J$6:$J$20, MATCH(E87, profile_L!$C$6:$C$20, 0))))*G87) + (SIN(K87*C87^2/(2*$C$8*INDEX(profile_L!$J$6:$J$20, MATCH(E87, profile_L!$C$6:$C$20, 0))))*G87) -> 1.5717974 | T87: =(N87*C87^2/(2*$C$8*INDEX(profile_L!$J$6:$J$20, MATCH(E87, profile_L!$C$6:$C$20, 0))))+ (K87*C87^3/(3*$C$8*INDEX(profile_L!$J$6:$J$20, MATCH(E87, profile_L!$C$6:$C$20, 0)))) -> 2.7192352 | V87: =M87*C87^3/(3*$C$8*INDEX(profile_L!$M$6:$M$20, MATCH(E87, profile_L!$C$6:$C$20, 0))) -> 0.7251294 | W87: 1.5875 | X87: =C87/200 -> 5 | Y87: =IF(S87<=W87, IF(MAX(T87,V87)<=X87,"O.K","N.G"),"NG") -> O.K
B88: 2 | C88: 1000 | D88: L - | E88: 65 | F88: 600 | G88: 300 | H88: 65 | I88: =H88*9.80665 -> 637.43225 | J88: =H88*$J$6 -> 19.5 | K88: =J88*9.80665 -> 191.22967 | L88: =H88*$J$7 -> 13 | M88: =L88*9.80665 -> 127.48645 | N88: =I88*G88 -> 191229.67 | O88: =K88*C88 -> 191229.67 | P88: =N88+O88 -> 382459.35 | Q88: =M88*C88 -> 127486.45 | S88: =(I88*G88^3/(3*$C$8*INDEX(profile_L!$J$6:$J$20, MATCH(E88, profile_L!$C$6:$C$20, 0)))) + (I88*C88/($C$8* INDEX(profile_L!$H$6:$H$20, MATCH(E88, profile_L!$C$6:$C$20, 0)))) + (SIN(N88*C88/($C$8*INDEX(profile_L!$J$6:$J$20, MATCH(E88, profile_L!$C$6:$C$20, 0))))*G88) + (SIN(K88*C88^2/(2*$C$8*INDEX(profile_L!$J$6:$J$20, MATCH(E88, profile_L!$C$6:$C$20, 0))))*G88) -> 1.4907534 | T88: =(N88*C88^2/(2*$C$8*INDEX(profile_L!$J$6:$J$20, MATCH(E88, profile_L!$C$6:$C$20, 0))))+ (K88*C88^3/(3*$C$8*INDEX(profile_L!$J$6:$J$20, MATCH(E88, profile_L!$C$6:$C$20, 0)))) -> 2.5811154 | V88: =M88*C88^3/(3*$C$8*INDEX(profile_L!$M$6:$M$20, MATCH(E88, profile_L!$C$6:$C$20, 0))) -> 0.68829743 | W88: 1.5875 | X88: =C88/200 -> 5 | Y88: =IF(S88<=W88, IF(MAX(T88,V88)<=X88,"O.K","N.G"),"NG") -> O.K
B89: 3 | C89: 500 | D89: L - | E89: 75 | F89: 600 | G89: 300 | H89: 300 | I89: =H89*9.80665 -> 2941.995 | J89: =H89*$J$6 -> 90 | K89: =J89*9.80665 -> 882.5985 | L89: =H89*$J$7 -> 60 | M89: =L89*9.80665 -> 588.399 | N89: =I89*G89 -> 882598.5 | O89: =K89*C89 -> 441299.25 | P89: =N89+O89 -> 1323897.8 | Q89: =M89*C89 -> 294199.5 | S89: =(I89*G89^3/(3*$C$8*INDEX(profile_L!$J$6:$J$20, MATCH(E89, profile_L!$C$6:$C$20, 0)))) + (I89*C89/($C$8* INDEX(profile_L!$H$6:$H$20, MATCH(E89, profile_L!$C$6:$C$20, 0)))) + (SIN(N89*C89/($C$8*INDEX(profile_L!$J$6:$J$20, MATCH(E89, profile_L!$C$6:$C$20, 0))))*G89) + (SIN(K89*C89^2/(2*$C$8*INDEX(profile_L!$J$6:$J$20, MATCH(E89, profile_L!$C$6:$C$20, 0))))*G89) -> 1.4249589 | T89: =(N89*C89^2/(2*$C$8*INDEX(profile_L!$J$6:$J$20, MATCH(E89, profile_L!$C$6:$C$20, 0))))+ (K89*C89^3/(3*$C$8*INDEX(profile_L!$J$6:$J$20, MATCH(E89, profile_L!$C$6:$C$20, 0)))) -> 1.0876941 | V89: =M89*C89^3/(3*$C$8*INDEX(profile_L!$M$6:$M$20, MATCH(E89, profile_L!$C$6:$C$20, 0))) -> 0.18128235 | W89: 1.5875 | X89: =C89/200 -> 2.5 | Y89: =IF(S89<=W89, IF(MAX(T89,V89)<=X89,"O.K","N.G"),"NG") -> O.K
B90: 4 | C90: 500 | D90: L - | E90: 65 | F90: 600 | G90: 300 | H90: 150 | I90: =H90*9.80665 -> 1470.9975 | J90: =H90*$J$6 -> 45 | K90: =J90*9.80665 -> 441.29925 | L90: =H90*$J$7 -> 30 | M90: =L90*9.80665 -> 294.1995 | N90: =I90*G90 -> 441299.25 | O90: =K90*C90 -> 220649.62 | P90: =N90+O90 -> 661948.88 | Q90: =M90*C90 -> 147099.75 | S90: =(I90*G90^3/(3*$C$8*INDEX(profile_L!$J$6:$J$20, MATCH(E90, profile_L!$C$6:$C$20, 0)))) + (I90*C90/($C$8* INDEX(profile_L!$H$6:$H$20, MATCH(E90, profile_L!$C$6:$C$20, 0)))) + (SIN(N90*C90/($C$8*INDEX(profile_L!$J$6:$J$20, MATCH(E90, profile_L!$C$6:$C$20, 0))))*G90) + (SIN(K90*C90^2/(2*$C$8*INDEX(profile_L!$J$6:$J$20, MATCH(E90, profile_L!$C$6:$C$20, 0))))*G90) -> 1.5592764 | T90: =(N90*C90^2/(2*$C$8*INDEX(profile_L!$J$6:$J$20, MATCH(E90, profile_L!$C$6:$C$20, 0))))+ (K90*C90^3/(3*$C$8*INDEX(profile_L!$J$6:$J$20, MATCH(E90, profile_L!$C$6:$C$20, 0)))) -> 1.191284 | V90: =M90*C90^3/(3*$C$8*INDEX(profile_L!$M$6:$M$20, MATCH(E90, profile_L!$C$6:$C$20, 0))) -> 0.19854734 | W90: 1.5875 | X90: =C90/200 -> 2.5 | Y90: =IF(S90<=W90, IF(MAX(T90,V90)<=X90,"O.K","N.G"),"NG") -> O.K
B91: 5 | C91: 500 | D91: L - | E91: 50 | F91: 600 | G91: 300 | H91: 65 | I91: =H91*9.80665 -> 637.43225 | J91: =H91*$J$6 -> 19.5 | K91: =J91*9.80665 -> 191.22967 | L91: =H91*$J$7 -> 13 | M91: =L91*9.80665 -> 127.48645 | N91: =I91*G91 -> 191229.67 | O91: =K91*C91 -> 95614.837 | P91: =N91+O91 -> 286844.51 | Q91: =M91*C91 -> 63743.225 | S91: =(I91*G91^3/(3*$C$8*INDEX(profile_L!$J$6:$J$20, MATCH(E91, profile_L!$C$6:$C$20, 0)))) + (I91*C91/($C$8* INDEX(profile_L!$H$6:$H$20, MATCH(E91, profile_L!$C$6:$C$20, 0)))) + (SIN(N91*C91/($C$8*INDEX(profile_L!$J$6:$J$20, MATCH(E91, profile_L!$C$6:$C$20, 0))))*G91) + (SIN(K91*C91^2/(2*$C$8*INDEX(profile_L!$J$6:$J$20, MATCH(E91, profile_L!$C$6:$C$20, 0))))*G91) -> 1.5745859 | T91: =(N91*C91^2/(2*$C$8*INDEX(profile_L!$J$6:$J$20, MATCH(E91, profile_L!$C$6:$C$20, 0))))+ (K91*C91^3/(3*$C$8*INDEX(profile_L!$J$6:$J$20, MATCH(E91, profile_L!$C$6:$C$20, 0)))) -> 1.2045205 | V91: =M91*C91^3/(3*$C$8*INDEX(profile_L!$M$6:$M$20, MATCH(E91, profile_L!$C$6:$C$20, 0))) -> 0.20075342 | W91: 1.5875 | X91: =C91/200 -> 2.5 | Y91: =IF(S91<=W91, IF(MAX(T91,V91)<=X91,"O.K","N.G"),"NG") -> O.K

Sheet Stress_check
B1: T-support (외팔형) Stress check (ASME BPVC.III.1.NF-2025, NF 3300)
B4: * 붉은 글씨만 입력.
B5: * table 추가 필요 시 table 최하단행 위로 행 삽입후 행 복사. "Input_disp_check" tab 과 No. 일치해야 함.
C6: Code Equation No. | D6: ASME BPVC.III.1.NF-2025, NF 3300 | T6: (17) | U6: (17),(18) | V6: (19) | W6: (9) | X6: (17) | Y6: (18) | Z6: (19) | AE6: (14) | AJ6: (20) | AK6: (21) | AL6: (22) | AO6: (20) | AP6: (21) | AQ6: (22)
D7: AISC : ADS 89 (steel construction manual 9th) | W7: F1-1 | X7: F1-6 | Y7: F1-7 | Z7: F1-8 | AE7: F2-1 | AJ7: H1-1 | AK7: H1-2 | AL7: H1-3 | AO7: H1-1 | AP7: H1-2 | AQ7: H1-3
B9: H 형강
B10: NO. | C10: 높이 (mm) | D10: MEMBER SIZE | F10: Compression : Column | N10: Flexural : Column major axis | AE10: Flexural - Column minor axis | AG10: Combined stress : Columl axial compression + bending | AT10: Shear : Beam
AG11: Common | AJ11: Load Case1 : Vertical + Longi. Friction | AO11: Load Case2: Vertical + Transe. Friction | AT11: Major axis
F12: Cc | G12: K | H12: KL/r 세장비 (λ) | J12: Fa1 (Mpa) | K12: Fa2 (Mpa) | L12: Fa (Mpa) | M12: fa (Mpa) | N12: fa/Sy (0.16) 판정 | O12: Lc1 (mm) | P12: Lc2 (mm) | Q12: Lc (mm) | R12: rc (mm) | S12: l/rc | T12: 횡좌굴 기준1 | U12: 횡좌굴 기준2 | V12: Cb | W12: Fb1 (Mpa) | X12: Fb2-1 (Mpa) | Y12: Fb2-2 (Mpa) | Z12: Fb2-3 (Mpa) | AA12: Fb2 (Mpa) | AB12: Fb (Mpa) | AC12: fb1 (Mpa) | AD12: fb2 (Mpa) | AE12: Fb-minor (Mpa) | AF12: fb-minor (Mpa) | AG12: F'e (Mpa) | AH12: F'e - Minor (Mpa) | AI12: Cm | AJ12: Ratio 1 | AK12: Ratio 2 | AL12: Ratio 3 | AM12: Stress ratio | AN12: Result | AO12: Ratio 1 | AP12: Ratio 2 | AQ12: Ratio 3 | AR12: Stress ratio | AS12: Result | AT12: Fv (Mpa) | AU12: fv (Mpa) | AV12: Stress ratio | AW12: Result
X13: Lb > Lc 인 경우
B14: 1 | C14: =(INDEX(Input_disp_check!$C$42:$C$58, MATCH(B14,Input_disp_check!$B$42:$B$58,0))) -> 3000 | D14: =(INDEX(Input_disp_check!$D$42:$D$58, MATCH(B14,Input_disp_check!$B$42:$B$58,0))) -> H - | E14: =(INDEX(Input_disp_check!$E$42:$E$58, MATCH(B14,Input_disp_check!$B$42:$B$58,0))) -> 200 | F14: =SQRT(2*PI()^2*Input_disp_check!$C$8/Input_disp_check!$C$6) -> 122.7745 | G14: 2 | H14: =G14*C14/(INDEX(profile_H!$O$6:$O$17, MATCH(E14, profile_H!$C$6:$C$17, 0))) -> 119.52191 | I14: =IF(H14>200, "N.G","OK") -> OK | J14: =12*PI()^2*Input_disp_check!$C$8/(23*H14^2) -> 75.696776 | K14: =(1-H14^2/(2*F14^2))*Input_disp_check!$C$6 / ((5/3) + (3*H14/(8*F14))-(H14^3/(8*F14^3))) -> 75.500135 | L14: =IF(H14<F14,K14,J14) -> 75.500135 | M14: =(INDEX(Input_disp_check!$I$42:$I$58, MATCH(B14,Input_disp_check!$B$42:$B$58,0)))/(INDEX(profile_H!$H$6:$H$17, MATCH(E14, profile_H!$C$6:$C$17, 0))) -> 3.4731564 | N14: =IF(M14/Input_disp_check!$C$6<=0.16,"OK","Warning") -> OK | O14: =200*(INDEX(profile_H!$D$6:$D$17, MATCH(E14, profile_H!$C$6:$C$17, 0)))/SQRT(Input_disp_check!$C$6) -> 2412.0908 | P14: =138000/(E14/((INDEX(profile_H!$D$6:$D$17, MATCH(E14, profile_H!$C$6:$C$17, 0)))*(INDEX(profile_H!$F$6:$F$17, MATCH(E14, profile_H!$C$6:$C$17, 0))))*Input_disp_check!$C$6) -> 6021.8182 | Q14: =MIN(O14:P14) -> 2412.0908 | R14: =INDEX(profile_H!$I$6:$I$17, MATCH(E14, profile_H!$C$6:$C$17, 0)) -> 55.108187 | S14: =(C14)/R14 -> 54.438372 | T14: =(703.3*1000*V14/Input_disp_check!$C$6)^0.5 -> 50.571282 | U14: =(3516*1000*V14/Input_disp_check!$C$6)^0.5 -> 113.07278 | V14: 1 | W14: =MIN(0.66*Input_disp_check!$C$6, 0.55*Input_disp_check!$C$7) -> 181.5 | X14: =MIN(((2/3)-(Input_disp_check!$C$6*(C14/R14)^2 / (10550 * 1000*V14))),0.6) * Input_disp_check!$C$6 -> 162.08997 | Y14: =MIN((1172*1000*V14)/(C14/R14)^2, 0.6*Input_disp_check!$C$6) -> 165 | Z14: =MIN((82740*V14)/(C14*E14/INDEX(profile_H!$U$6:$U$17, MATCH(E14, profile_H!$C$6:$C$17, 0))), 0.6*Input_disp_check!$C$6) -> 165 | AA14: =MAX(IF(S14>=T14,IF(S14<=U14,X14,Y14), Z14),Z14) -> 165 | AB14: =IF(C14>Q14,AA14,W14) -> 165 | AC14: =(INDEX(Input_disp_check!$P$42:$P$58, MATCH(B14,Input_disp_check!$B$42:$B$58,0)))/INDEX(profile_H!$K$6:$K$17,MATCH(E14, profile_H!$C$6:$C$17, 0)) -> 56.097362 | AD14: =(INDEX(Input_disp_check!$N$42:$N$58, MATCH(B14,Input_disp_check!$B$42:$B$58,0)))/INDEX(profile_H!$K$6:$K$17,MATCH(E14, profile_H!$C$6:$C$17, 0)) -> 14.024341 | AE14: =MIN(0.75*Input_disp_check!$C$6,0.63*Input_disp_check!$C$7) -> 206.25 | AF14: =(INDEX(Input_disp_check!$Q$42:$Q$58, MATCH(B14,Input_disp_check!$B$42:$B$58,0)))/INDEX(profile_H!$N$6:$N$17, MATCH(E14, profile_H!$C$6:$C$17, 0)) -> 82.743609 | AG14: =12*PI()^2*Input_disp_check!$C$8/(23*(G14*C14/INDEX(profile_H!$L$6:$L$17, MATCH(E14, profile_H!$C$6:$C$17, 0)))^2) -> 223.19501 | AH14: =12*PI()^2*Input_disp_check!$C$8/(23*(G14*C14/INDEX(profile_H!$O$6:$O$17, MATCH(E14, profile_H!$C$6:$C$17, 0)))^2) -> 75.696776 | AI14: 0.85 | AJ14: =(M14/L14)+(AI14*AD14/((1-M14/AG14)*AB14))+(AI14*AF14/((1-M14/AH14)*AE14)) -> 0.47679308 | AK14: =(M14/(0.6*Input_disp_check!$C$6))+(AD14/AB14)+(AF14/AE14) -> 0.50722657 | AL14: =(M14/L14)+(AD14/AB14)+(AF14/AE14) -> 0.53217913 | AM14: =IF(M14/L14<=0.15,AL14,MAX(AJ14,AK14)) -> 0.53217913 | AN14: =IF(AM14<=1,"OK","NG") -> OK | AO14: =(M14/L14)+(AI14*AC14/((1-M14/AG14)*AB14)) -> 0.33955643 | AP14: =(M14/(0.6*Input_disp_check!$C$6))+(AC14/AB14) -> 0.36103345 | AQ14: =(M14/L14)+(AC14/AB14) -> 0.385986 | AR14: =IF(M14/L14<=0.15,AQ14,MAX(AO14,AP14)) -> 0.385986 | AS14: =IF(AR14<=1,"OK","NG") -> OK | AT14: =MIN(0.4*Input_disp_check!$C$6,0.33*Input_disp_check!$C$7) -> 110 | AU14: =(INDEX(Input_disp_check!$I$42:$I$58, MATCH(B14,Input_disp_check!$B$42:$B$58,0)))/INDEX(profile_H!$T$6:$T$17, MATCH(E14, profile_H!$C$6:$C$17, 0)) -> 13.790602 | AV14: =AU14/AT14 -> 0.12536911 | AW14: =IF(AV14<=1,"OK","NG") -> OK
B15: 2 | C15: =(INDEX(Input_disp_check!$C$42:$C$58, MATCH(B15,Input_disp_check!$B$42:$B$58,0))) -> 3000 | D15: =(INDEX(Input_disp_check!$D$42:$D$58, MATCH(B15,Input_disp_check!$B$42:$B$58,0))) -> H - | E15: =(INDEX(Input_disp_check!$E$42:$E$58, MATCH(B15,Input_disp_check!$B$42:$B$58,0))) -> 150 | F15: =SQRT(2*PI()^2*Input_disp_check!$C$8/Input_disp_check!$C$6) -> 122.7745 | G15: 2 | H15: =G15*C15/(INDEX(profile_H!$O$6:$O$17, MATCH(E15, profile_H!$C$6:$C$17, 0))) -> 160 | I15: =IF(H15>200, "N.G","OK") -> OK | J15: =12*PI()^2*Input_disp_check!$C$8/(23*H15^2) -> 42.240834 | K15: =(1-H15^2/(2*F15^2))*Input_disp_check!$C$6 / ((5/3) + (3*H15/(8*F15))-(H15^3/(8*F15^3))) -> 22.078361 | L15: =IF(H15<F15,K15,J15) -> 42.240834 | M15: =(INDEX(Input_disp_check!$I$42:$I$58, MATCH(B15,Input_disp_check!$B$42:$B$58,0)))/(INDEX(profile_H!$H$6:$H$17, MATCH(E15, profile_H!$C$6:$C$17, 0))) -> 1.9544893 | N15: =IF(M15/Input_disp_check!$C$6<=0.16,"OK","Warning") -> OK | O15: =200*(INDEX(profile_H!$D$6:$D$17, MATCH(E15, profile_H!$C$6:$C$17, 0)))/SQRT(Input_disp_check!$C$6) -> 1809.0681 | P15: =138000/(E15/((INDEX(profile_H!$D$6:$D$17, MATCH(E15, profile_H!$C$6:$C$17, 0)))*(INDEX(profile_H!$F$6:$F$17, MATCH(E15, profile_H!$C$6:$C$17, 0))))*Input_disp_check!$C$6) -> 5018.1818 | Q15: =MIN(O15:P15) -> 1809.0681 | R15: =INDEX(profile_H!$I$6:$I$17, MATCH(E15, profile_H!$C$6:$C$17, 0)) -> 41.269848 | S15: =(C15)/R15 -> 72.692295 | T15: =(703.3*1000*V15/Input_disp_check!$C$6)^0.5 -> 50.571282 | U15: =(3516*1000*V15/Input_disp_check!$C$6)^0.5 -> 113.07278 | V15: 1 | W15: =MIN(0.66*Input_disp_check!$C$6, 0.55*Input_disp_check!$C$7) -> 181.5 | X15: =MIN(((2/3)-(Input_disp_check!$C$6*(C15/R15)^2 / (10550 * 1000*V15))),0.6) * Input_disp_check!$C$6 -> 145.4551 | Y15: =MIN((1172*1000*V15)/(C15/R15)^2, 0.6*Input_disp_check!$C$6) -> 165 | Z15: =MIN((82740*V15)/(C15*E15/INDEX(profile_H!$U$6:$U$17, MATCH(E15, profile_H!$C$6:$C$17, 0))), 0.6*Input_disp_check!$C$6) -> 165 | AA15: =MAX(IF(S15>=T15,IF(S15<=U15,X15,Y15), Z15),Z15) -> 165 | AB15: =IF(C15>Q15,AA15,W15) -> 165 | AC15: =(INDEX(Input_disp_check!$P$42:$P$58, MATCH(B15,Input_disp_check!$B$42:$B$58,0)))/INDEX(profile_H!$K$6:$K$17,MATCH(E15, profile_H!$C$6:$C$17, 0)) -> 42.988055 | AD15: =(INDEX(Input_disp_check!$N$42:$N$58, MATCH(B15,Input_disp_check!$B$42:$B$58,0)))/INDEX(profile_H!$K$6:$K$17,MATCH(E15, profile_H!$C$6:$C$17, 0)) -> 10.747014 | AE15: =MIN(0.75*Input_disp_check!$C$6,0.63*Input_disp_check!$C$7) -> 206.25 | AF15: =(INDEX(Input_disp_check!$Q$42:$Q$58, MATCH(B15,Input_disp_check!$B$42:$B$58,0)))/INDEX(profile_H!$N$6:$N$17, MATCH(E15, profile_H!$C$6:$C$17, 0)) -> 62.678988 | AG15: =12*PI()^2*Input_disp_check!$C$8/(23*(G15*C15/INDEX(profile_H!$L$6:$L$17, MATCH(E15, profile_H!$C$6:$C$17, 0)))^2) -> 122.65116 | AH15: =12*PI()^2*Input_disp_check!$C$8/(23*(G15*C15/INDEX(profile_H!$O$6:$O$17, MATCH(E15, profile_H!$C$6:$C$17, 0)))^2) -> 42.240834 | AI15: 0.85 | AJ15: =(M15/L15)+(AI15*AD15/((1-M15/AG15)*AB15))+(AI15*AF15/((1-M15/AH15)*AE15)) -> 0.37337553 | AK15: =(M15/(0.6*Input_disp_check!$C$6))+(AD15/AB15)+(AF15/AE15) -> 0.38087693 | AL15: =(M15/L15)+(AD15/AB15)+(AF15/AE15) -> 0.41530168 | AM15: =IF(M15/L15<=0.15,AL15,MAX(AJ15,AK15)) -> 0.41530168 | AN15: =IF(AM15<=1,"OK","NG") -> OK | AO15: =(M15/L15)+(AI15*AC15/((1-M15/AG15)*AB15)) -> 0.27130984 | AP15: =(M15/(0.6*Input_disp_check!$C$6))+(AC15/AB15) -> 0.27237906 | AQ15: =(M15/L15)+(AC15/AB15) -> 0.3068038 | AR15: =IF(M15/L15<=0.15,AQ15,MAX(AO15,AP15)) -> 0.3068038 | AS15: =IF(AR15<=1,"OK","NG") -> OK | AT15: =MIN(0.4*Input_disp_check!$C$6,0.33*Input_disp_check!$C$7) -> 110 | AU15: =(INDEX(Input_disp_check!$I$42:$I$58, MATCH(B15,Input_disp_check!$B$42:$B$58,0)))/INDEX(profile_H!$T$6:$T$17, MATCH(E15, profile_H!$C$6:$C$17, 0)) -> 7.4717333 | AV15: =AU15/AT15 -> 0.067924848 | AW15: =IF(AV15<=1,"OK","NG") -> OK
B16: 3 | C16: =(INDEX(Input_disp_check!$C$42:$C$58, MATCH(B16,Input_disp_check!$B$42:$B$58,0))) -> 3000 | D16: =(INDEX(Input_disp_check!$D$42:$D$58, MATCH(B16,Input_disp_check!$B$42:$B$58,0))) -> H - | E16: =(INDEX(Input_disp_check!$E$42:$E$58, MATCH(B16,Input_disp_check!$B$42:$B$58,0))) -> 125 | F16: =SQRT(2*PI()^2*Input_disp_check!$C$8/Input_disp_check!$C$6) -> 122.7745 | G16: 2 | H16: =G16*C16/(INDEX(profile_H!$O$6:$O$17, MATCH(E16, profile_H!$C$6:$C$17, 0))) -> 192.92605 | I16: =IF(H16>200, "N.G","OK") -> OK | J16: =12*PI()^2*Input_disp_check!$C$8/(23*H16^2) -> 29.052983 | K16: =(1-H16^2/(2*F16^2))*Input_disp_check!$C$6 / ((5/3) + (3*H16/(8*F16))-(H16^3/(8*F16^3))) -> -36.434283 | L16: =IF(H16<F16,K16,J16) -> 29.052983 | M16: =(INDEX(Input_disp_check!$I$42:$I$58, MATCH(B16,Input_disp_check!$B$42:$B$58,0)))/(INDEX(profile_H!$H$6:$H$17, MATCH(E16, profile_H!$C$6:$C$17, 0))) -> 1.2941801 | N16: =IF(M16/Input_disp_check!$C$6<=0.16,"OK","Warning") -> OK | O16: =200*(INDEX(profile_H!$D$6:$D$17, MATCH(E16, profile_H!$C$6:$C$17, 0)))/SQRT(Input_disp_check!$C$6) -> 1507.5567 | P16: =138000/(E16/((INDEX(profile_H!$D$6:$D$17, MATCH(E16, profile_H!$C$6:$C$17, 0)))*(INDEX(profile_H!$F$6:$F$17, MATCH(E16, profile_H!$C$6:$C$17, 0))))*Input_disp_check!$C$6) -> 4516.3636 | Q16: =MIN(O16:P16) -> 1507.5567 | R16: =INDEX(profile_H!$I$6:$I$17, MATCH(E16, profile_H!$C$6:$C$17, 0)) -> 34.362506 | S16: =(C16)/R16 -> 87.304458 | T16: =(703.3*1000*V16/Input_disp_check!$C$6)^0.5 -> 50.571282 | U16: =(3516*1000*V16/Input_disp_check!$C$6)^0.5 -> 113.07278 | V16: 1 | W16: =MIN(0.66*Input_disp_check!$C$6, 0.55*Input_disp_check!$C$7) -> 181.5 | X16: =MIN(((2/3)-(Input_disp_check!$C$6*(C16/R16)^2 / (10550 * 1000*V16))),0.6) * Input_disp_check!$C$6 -> 128.69647 | Y16: =MIN((1172*1000*V16)/(C16/R16)^2, 0.6*Input_disp_check!$C$6) -> 153.76404 | Z16: =MIN((82740*V16)/(C16*E16/INDEX(profile_H!$U$6:$U$17, MATCH(E16, profile_H!$C$6:$C$17, 0))), 0.6*Input_disp_check!$C$6) -> 165 | AA16: =MAX(IF(S16>=T16,IF(S16<=U16,X16,Y16), Z16),Z16) -> 165 | AB16: =IF(C16>Q16,AA16,W16) -> 165 | AC16: =(INDEX(Input_disp_check!$P$42:$P$58, MATCH(B16,Input_disp_check!$B$42:$B$58,0)))/INDEX(profile_H!$K$6:$K$17,MATCH(E16, profile_H!$C$6:$C$17, 0)) -> 34.611706 | AD16: =(INDEX(Input_disp_check!$N$42:$N$58, MATCH(B16,Input_disp_check!$B$42:$B$58,0)))/INDEX(profile_H!$K$6:$K$17,MATCH(E16, profile_H!$C$6:$C$17, 0)) -> 8.6529265 | AE16: =MIN(0.75*Input_disp_check!$C$6,0.63*Input_disp_check!$C$7) -> 206.25 | AF16: =(INDEX(Input_disp_check!$Q$42:$Q$58, MATCH(B16,Input_disp_check!$B$42:$B$58,0)))/INDEX(profile_H!$N$6:$N$17, MATCH(E16, profile_H!$C$6:$C$17, 0)) -> 50.076511 | AG16: =12*PI()^2*Input_disp_check!$C$8/(23*(G16*C16/INDEX(profile_H!$L$6:$L$17, MATCH(E16, profile_H!$C$6:$C$17, 0)))^2) -> 84.058434 | AH16: =12*PI()^2*Input_disp_check!$C$8/(23*(G16*C16/INDEX(profile_H!$O$6:$O$17, MATCH(E16, profile_H!$C$6:$C$17, 0)))^2) -> 29.052983 | AI16: 0.85 | AJ16: =(M16/L16)+(AI16*AD16/((1-M16/AG16)*AB16))+(AI16*AF16/((1-M16/AH16)*AE16)) -> 0.30581588 | AK16: =(M16/(0.6*Input_disp_check!$C$6))+(AD16/AB16)+(AF16/AE16) -> 0.3030807 | AL16: =(M16/L16)+(AD16/AB16)+(AF16/AE16) -> 0.3397827 | AM16: =IF(M16/L16<=0.15,AL16,MAX(AJ16,AK16)) -> 0.3397827 | AN16: =IF(AM16<=1,"OK","NG") -> OK | AO16: =(M16/L16)+(AI16*AC16/((1-M16/AG16)*AB16)) -> 0.22563635 | AP16: =(M16/(0.6*Input_disp_check!$C$6))+(AC16/AB16) -> 0.21761143 | AQ16: =(M16/L16)+(AC16/AB16) -> 0.25431343 | AR16: =IF(M16/L16<=0.15,AQ16,MAX(AO16,AP16)) -> 0.25431343 | AS16: =IF(AR16<=1,"OK","NG") -> OK | AT16: =MIN(0.4*Input_disp_check!$C$6,0.33*Input_disp_check!$C$7) -> 110 | AU16: =(INDEX(Input_disp_check!$I$42:$I$58, MATCH(B16,Input_disp_check!$B$42:$B$58,0)))/INDEX(profile_H!$T$6:$T$17, MATCH(E16, profile_H!$C$6:$C$17, 0)) -> 4.8278892 | AV16: =AU16/AT16 -> 0.043889902 | AW16: =IF(AV16<=1,"OK","NG") -> OK
B17: 4 | C17: =(INDEX(Input_disp_check!$C$42:$C$58, MATCH(B17,Input_disp_check!$B$42:$B$58,0))) -> 2500 | D17: =(INDEX(Input_disp_check!$D$42:$D$58, MATCH(B17,Input_disp_check!$B$42:$B$58,0))) -> H - | E17: =(INDEX(Input_disp_check!$E$42:$E$58, MATCH(B17,Input_disp_check!$B$42:$B$58,0))) -> 200 | F17: =SQRT(2*PI()^2*Input_disp_check!$C$8/Input_disp_check!$C$6) -> 122.7745 | G17: 2 | H17: =G17*C17/(INDEX(profile_H!$O$6:$O$17, MATCH(E17, profile_H!$C$6:$C$17, 0))) -> 99.601594 | I17: =IF(H17>200, "N.G","OK") -> OK | J17: =12*PI()^2*Input_disp_check!$C$8/(23*H17^2) -> 109.00336 | K17: =(1-H17^2/(2*F17^2))*Input_disp_check!$C$6 / ((5/3) + (3*H17/(8*F17))-(H17^3/(8*F17^3))) -> 96.896969 | L17: =IF(H17<F17,K17,J17) -> 96.896969 | M17: =(INDEX(Input_disp_check!$I$42:$I$58, MATCH(B17,Input_disp_check!$B$42:$B$58,0)))/(INDEX(profile_H!$H$6:$H$17, MATCH(E17, profile_H!$C$6:$C$17, 0))) -> 4.6308752 | N17: =IF(M17/Input_disp_check!$C$6<=0.16,"OK","Warning") -> OK | O17: =200*(INDEX(profile_H!$D$6:$D$17, MATCH(E17, profile_H!$C$6:$C$17, 0)))/SQRT(Input_disp_check!$C$6) -> 2412.0908 | P17: =138000/(E17/((INDEX(profile_H!$D$6:$D$17, MATCH(E17, profile_H!$C$6:$C$17, 0)))*(INDEX(profile_H!$F$6:$F$17, MATCH(E17, profile_H!$C$6:$C$17, 0))))*Input_disp_check!$C$6) -> 6021.8182 | Q17: =MIN(O17:P17) -> 2412.0908 | R17: =INDEX(profile_H!$I$6:$I$17, MATCH(E17, profile_H!$C$6:$C$17, 0)) -> 55.108187 | S17: =(C17)/R17 -> 45.36531 | T17: =(703.3*1000*V17/Input_disp_check!$C$6)^0.5 -> 50.571282 | U17: =(3516*1000*V17/Input_disp_check!$C$6)^0.5 -> 113.07278 | V17: 1 | W17: =MIN(0.66*Input_disp_check!$C$6, 0.55*Input_disp_check!$C$7) -> 181.5 | X17: =MIN(((2/3)-(Input_disp_check!$C$6*(C17/R17)^2 / (10550 * 1000*V17))),0.6) * Input_disp_check!$C$6 -> 165 | Y17: =MIN((1172*1000*V17)/(C17/R17)^2, 0.6*Input_disp_check!$C$6) -> 165 | Z17: =MIN((82740*V17)/(C17*E17/INDEX(profile_H!$U$6:$U$17, MATCH(E17, profile_H!$C$6:$C$17, 0))), 0.6*Input_disp_check!$C$6) -> 165 | AA17: =MAX(IF(S17>=T17,IF(S17<=U17,X17,Y17), Z17),Z17) -> 165 | AB17: =IF(C17>Q17,AA17,W17) -> 165 | AC17: =(INDEX(Input_disp_check!$P$42:$P$58, MATCH(B17,Input_disp_check!$B$42:$B$58,0)))/INDEX(profile_H!$K$6:$K$17,MATCH(E17, profile_H!$C$6:$C$17, 0)) -> 65.446923 | AD17: =(INDEX(Input_disp_check!$N$42:$N$58, MATCH(B17,Input_disp_check!$B$42:$B$58,0)))/INDEX(profile_H!$K$6:$K$17,MATCH(E17, profile_H!$C$6:$C$17, 0)) -> 18.699121 | AE17: =MIN(0.75*Input_disp_check!$C$6,0.63*Input_disp_check!$C$7) -> 206.25 | AF17: =(INDEX(Input_disp_check!$Q$42:$Q$58, MATCH(B17,Input_disp_check!$B$42:$B$58,0)))/INDEX(profile_H!$N$6:$N$17, MATCH(E17, profile_H!$C$6:$C$17, 0)) -> 91.937344 | AG17: =12*PI()^2*Input_disp_check!$C$8/(23*(G17*C17/INDEX(profile_H!$L$6:$L$17, MATCH(E17, profile_H!$C$6:$C$17, 0)))^2) -> 321.40081 | AH17: =12*PI()^2*Input_disp_check!$C$8/(23*(G17*C17/INDEX(profile_H!$O$6:$O$17, MATCH(E17, profile_H!$C$6:$C$17, 0)))^2) -> 109.00336 | AI17: 0.85 | AJ17: =(M17/L17)+(AI17*AD17/((1-M17/AG17)*AB17))+(AI17*AF17/((1-M17/AH17)*AE17)) -> 0.5412331 | AK17: =(M17/(0.6*Input_disp_check!$C$6))+(AD17/AB17)+(AF17/AE17) -> 0.58715073 | AL17: =(M17/L17)+(AD17/AB17)+(AF17/AE17) -> 0.60687657 | AM17: =IF(M17/L17<=0.15,AL17,MAX(AJ17,AK17)) -> 0.60687657 | AN17: =IF(AM17<=1,"OK","NG") -> OK | AO17: =(M17/L17)+(AI17*AC17/((1-M17/AG17)*AB17)) -> 0.38987138 | AP17: =(M17/(0.6*Input_disp_check!$C$6))+(AC17/AB17) -> 0.42471393 | AQ17: =(M17/L17)+(AC17/AB17) -> 0.44443976 | AR17: =IF(M17/L17<=0.15,AQ17,MAX(AO17,AP17)) -> 0.44443976 | AS17: =IF(AR17<=1,"OK","NG") -> OK | AT17: =MIN(0.4*Input_disp_check!$C$6,0.33*Input_disp_check!$C$7) -> 110 | AU17: =(INDEX(Input_disp_check!$I$42:$I$58, MATCH(B17,Input_disp_check!$B$42:$B$58,0)))/INDEX(profile_H!$T$6:$T$17, MATCH(E17, profile_H!$C$6:$C$17, 0)) -> 18.387469 | AV17: =AU17/AT17 -> 0.16715881 | AW17: =IF(AV17<=1,"OK","NG") -> OK
B18: 5 | C18: =(INDEX(Input_disp_check!$C$42:$C$58, MATCH(B18,Input_disp_check!$B$42:$B$58,0))) -> 2500 | D18: =(INDEX(Input_disp_check!$D$42:$D$58, MATCH(B18,Input_disp_check!$B$42:$B$58,0))) -> H - | E18: =(INDEX(Input_disp_check!$E$42:$E$58, MATCH(B18,Input_disp_check!$B$42:$B$58,0))) -> 150 | F18: =SQRT(2*PI()^2*Input_disp_check!$C$8/Input_disp_check!$C$6) -> 122.7745 | G18: 2 | H18: =G18*C18/(INDEX(profile_H!$O$6:$O$17, MATCH(E18, profile_H!$C$6:$C$17, 0))) -> 133.33333 | I18: =IF(H18>200, "N.G","OK") -> OK | J18: =12*PI()^2*Input_disp_check!$C$8/(23*H18^2) -> 60.826801 | K18: =(1-H18^2/(2*F18^2))*Input_disp_check!$C$6 / ((5/3) + (3*H18/(8*F18))-(H18^3/(8*F18^3))) -> 58.956892 | L18: =IF(H18<F18,K18,J18) -> 60.826801 | M18: =(INDEX(Input_disp_check!$I$42:$I$58, MATCH(B18,Input_disp_check!$B$42:$B$58,0)))/(INDEX(profile_H!$H$6:$H$17, MATCH(E18, profile_H!$C$6:$C$17, 0))) -> 2.5652672 | N18: =IF(M18/Input_disp_check!$C$6<=0.16,"OK","Warning") -> OK | O18: =200*(INDEX(profile_H!$D$6:$D$17, MATCH(E18, profile_H!$C$6:$C$17, 0)))/SQRT(Input_disp_check!$C$6) -> 1809.0681 | P18: =138000/(E18/((INDEX(profile_H!$D$6:$D$17, MATCH(E18, profile_H!$C$6:$C$17, 0)))*(INDEX(profile_H!$F$6:$F$17, MATCH(E18, profile_H!$C$6:$C$17, 0))))*Input_disp_check!$C$6) -> 5018.1818 | Q18: =MIN(O18:P18) -> 1809.0681 | R18: =INDEX(profile_H!$I$6:$I$17, MATCH(E18, profile_H!$C$6:$C$17, 0)) -> 41.269848 | S18: =(C18)/R18 -> 60.576913 | T18: =(703.3*1000*V18/Input_disp_check!$C$6)^0.5 -> 50.571282 | U18: =(3516*1000*V18/Input_disp_check!$C$6)^0.5 -> 113.07278 | V18: 1 | W18: =MIN(0.66*Input_disp_check!$C$6, 0.55*Input_disp_check!$C$7) -> 181.5 | X18: =MIN(((2/3)-(Input_disp_check!$C$6*(C18/R18)^2 / (10550 * 1000*V18))),0.6) * Input_disp_check!$C$6 -> 157.02901 | Y18: =MIN((1172*1000*V18)/(C18/R18)^2, 0.6*Input_disp_check!$C$6) -> 165 | Z18: =MIN((82740*V18)/(C18*E18/INDEX(profile_H!$U$6:$U$17, MATCH(E18, profile_H!$C$6:$C$17, 0))), 0.6*Input_disp_check!$C$6) -> 165 | AA18: =MAX(IF(S18>=T18,IF(S18<=U18,X18,Y18), Z18),Z18) -> 165 | AB18: =IF(C18>Q18,AA18,W18) -> 165 | AC18: =(INDEX(Input_disp_check!$P$42:$P$58, MATCH(B18,Input_disp_check!$B$42:$B$58,0)))/INDEX(profile_H!$K$6:$K$17,MATCH(E18, profile_H!$C$6:$C$17, 0)) -> 49.369094 | AD18: =(INDEX(Input_disp_check!$N$42:$N$58, MATCH(B18,Input_disp_check!$B$42:$B$58,0)))/INDEX(profile_H!$K$6:$K$17,MATCH(E18, profile_H!$C$6:$C$17, 0)) -> 14.105455 | AE18: =MIN(0.75*Input_disp_check!$C$6,0.63*Input_disp_check!$C$7) -> 206.25 | AF18: =(INDEX(Input_disp_check!$Q$42:$Q$58, MATCH(B18,Input_disp_check!$B$42:$B$58,0)))/INDEX(profile_H!$N$6:$N$17, MATCH(E18, profile_H!$C$6:$C$17, 0)) -> 68.555143 | AG18: =12*PI()^2*Input_disp_check!$C$8/(23*(G18*C18/INDEX(profile_H!$L$6:$L$17, MATCH(E18, profile_H!$C$6:$C$17, 0)))^2) -> 176.61767 | AH18: =12*PI()^2*Input_disp_check!$C$8/(23*(G18*C18/INDEX(profile_H!$O$6:$O$17, MATCH(E18, profile_H!$C$6:$C$17, 0)))^2) -> 60.826801 | AI18: 0.85 | AJ18: =(M18/L18)+(AI18*AD18/((1-M18/AG18)*AB18))+(AI18*AF18/((1-M18/AH18)*AE18)) -> 0.41087889 | AK18: =(M18/(0.6*Input_disp_check!$C$6))+(AD18/AB18)+(AF18/AE18) -> 0.43342326 | AL18: =(M18/L18)+(AD18/AB18)+(AF18/AE18) -> 0.46004949 | AM18: =IF(M18/L18<=0.15,AL18,MAX(AJ18,AK18)) -> 0.46004949 | AN18: =IF(AM18<=1,"OK","NG") -> OK | AO18: =(M18/L18)+(AI18*AC18/((1-M18/AG18)*AB18)) -> 0.30024731 | AP18: =(M18/(0.6*Input_disp_check!$C$6))+(AC18/AB18) -> 0.31475371 | AQ18: =(M18/L18)+(AC18/AB18) -> 0.34137994 | AR18: =IF(M18/L18<=0.15,AQ18,MAX(AO18,AP18)) -> 0.34137994 | AS18: =IF(AR18<=1,"OK","NG") -> OK | AT18: =MIN(0.4*Input_disp_check!$C$6,0.33*Input_disp_check!$C$7) -> 110 | AU18: =(INDEX(Input_disp_check!$I$42:$I$58, MATCH(B18,Input_disp_check!$B$42:$B$58,0)))/INDEX(profile_H!$T$6:$T$17, MATCH(E18, profile_H!$C$6:$C$17, 0)) -> 9.80665 | AV18: =AU18/AT18 -> 0.089151364 | AW18: =IF(AV18<=1,"OK","NG") -> OK
B19: 6 | C19: =(INDEX(Input_disp_check!$C$42:$C$58, MATCH(B19,Input_disp_check!$B$42:$B$58,0))) -> 2500 | D19: =(INDEX(Input_disp_check!$D$42:$D$58, MATCH(B19,Input_disp_check!$B$42:$B$58,0))) -> H - | E19: =(INDEX(Input_disp_check!$E$42:$E$58, MATCH(B19,Input_disp_check!$B$42:$B$58,0))) -> 125 | F19: =SQRT(2*PI()^2*Input_disp_check!$C$8/Input_disp_check!$C$6) -> 122.7745 | G19: 2 | H19: =G19*C19/(INDEX(profile_H!$O$6:$O$17, MATCH(E19, profile_H!$C$6:$C$17, 0))) -> 160.7717 | I19: =IF(H19>200, "N.G","OK") -> OK | J19: =12*PI()^2*Input_disp_check!$C$8/(23*H19^2) -> 41.836295 | K19: =(1-H19^2/(2*F19^2))*Input_disp_check!$C$6 / ((5/3) + (3*H19/(8*F19))-(H19^3/(8*F19^3))) -> 20.894968 | L19: =IF(H19<F19,K19,J19) -> 41.836295 | M19: =(INDEX(Input_disp_check!$I$42:$I$58, MATCH(B19,Input_disp_check!$B$42:$B$58,0)))/(INDEX(profile_H!$H$6:$H$17, MATCH(E19, profile_H!$C$6:$C$17, 0))) -> 1.7794977 | N19: =IF(M19/Input_disp_check!$C$6<=0.16,"OK","Warning") -> OK | O19: =200*(INDEX(profile_H!$D$6:$D$17, MATCH(E19, profile_H!$C$6:$C$17, 0)))/SQRT(Input_disp_check!$C$6) -> 1507.5567 | P19: =138000/(E19/((INDEX(profile_H!$D$6:$D$17, MATCH(E19, profile_H!$C$6:$C$17, 0)))*(INDEX(profile_H!$F$6:$F$17, MATCH(E19, profile_H!$C$6:$C$17, 0))))*Input_disp_check!$C$6) -> 4516.3636 | Q19: =MIN(O19:P19) -> 1507.5567 | R19: =INDEX(profile_H!$I$6:$I$17, MATCH(E19, profile_H!$C$6:$C$17, 0)) -> 34.362506 | S19: =(C19)/R19 -> 72.753715 | T19: =(703.3*1000*V19/Input_disp_check!$C$6)^0.5 -> 50.571282 | U19: =(3516*1000*V19/Input_disp_check!$C$6)^0.5 -> 113.07278 | V19: 1 | W19: =MIN(0.66*Input_disp_check!$C$6, 0.55*Input_disp_check!$C$7) -> 181.5 | X19: =MIN(((2/3)-(Input_disp_check!$C$6*(C19/R19)^2 / (10550 * 1000*V19))),0.6) * Input_disp_check!$C$6 -> 145.39107 | Y19: =MIN((1172*1000*V19)/(C19/R19)^2, 0.6*Input_disp_check!$C$6) -> 165 | Z19: =MIN((82740*V19)/(C19*E19/INDEX(profile_H!$U$6:$U$17, MATCH(E19, profile_H!$C$6:$C$17, 0))), 0.6*Input_disp_check!$C$6) -> 165 | AA19: =MAX(IF(S19>=T19,IF(S19<=U19,X19,Y19), Z19),Z19) -> 165 | AB19: =IF(C19>Q19,AA19,W19) -> 165 | AC19: =(INDEX(Input_disp_check!$P$42:$P$58, MATCH(B19,Input_disp_check!$B$42:$B$58,0)))/INDEX(profile_H!$K$6:$K$17,MATCH(E19, profile_H!$C$6:$C$17, 0)) -> 41.642209 | AD19: =(INDEX(Input_disp_check!$N$42:$N$58, MATCH(B19,Input_disp_check!$B$42:$B$58,0)))/INDEX(profile_H!$K$6:$K$17,MATCH(E19, profile_H!$C$6:$C$17, 0)) -> 11.897774 | AE19: =MIN(0.75*Input_disp_check!$C$6,0.63*Input_disp_check!$C$7) -> 206.25 | AF19: =(INDEX(Input_disp_check!$Q$42:$Q$58, MATCH(B19,Input_disp_check!$B$42:$B$58,0)))/INDEX(profile_H!$N$6:$N$17, MATCH(E19, profile_H!$C$6:$C$17, 0)) -> 57.379335 | AG19: =12*PI()^2*Input_disp_check!$C$8/(23*(G19*C19/INDEX(profile_H!$L$6:$L$17, MATCH(E19, profile_H!$C$6:$C$17, 0)))^2) -> 121.04414 | AH19: =12*PI()^2*Input_disp_check!$C$8/(23*(G19*C19/INDEX(profile_H!$O$6:$O$17, MATCH(E19, profile_H!$C$6:$C$17, 0)))^2) -> 41.836295 | AI19: 0.85 | AJ19: =(M19/L19)+(AI19*AD19/((1-M19/AG19)*AB19))+(AI19*AF19/((1-M19/AH19)*AE19)) -> 0.3517184 | AK19: =(M19/(0.6*Input_disp_check!$C$6))+(AD19/AB19)+(AF19/AE19) -> 0.36109539 | AL19: =(M19/L19)+(AD19/AB19)+(AF19/AE19) -> 0.39284534 | AM19: =IF(M19/L19<=0.15,AL19,MAX(AJ19,AK19)) -> 0.39284534 | AN19: =IF(AM19<=1,"OK","NG") -> OK | AO19: =(M19/L19)+(AI19*AC19/((1-M19/AG19)*AB19)) -> 0.26025602 | AP19: =(M19/(0.6*Input_disp_check!$C$6))+(AC19/AB19) -> 0.26316186 | AQ19: =(M19/L19)+(AC19/AB19) -> 0.2949118 | AR19: =IF(M19/L19<=0.15,AQ19,MAX(AO19,AP19)) -> 0.2949118 | AS19: =IF(AR19<=1,"OK","NG") -> OK | AT19: =MIN(0.4*Input_disp_check!$C$6,0.33*Input_disp_check!$C$7) -> 110 | AU19: =(INDEX(Input_disp_check!$I$42:$I$58, MATCH(B19,Input_disp_check!$B$42:$B$58,0)))/INDEX(profile_H!$T$6:$T$17, MATCH(E19, profile_H!$C$6:$C$17, 0)) -> 6.6383477 | AV19: =AU19/AT19 -> 0.060348615 | AW19: =IF(AV19<=1,"OK","NG") -> OK
B20: 7 | C20: =(INDEX(Input_disp_check!$C$42:$C$58, MATCH(B20,Input_disp_check!$B$42:$B$58,0))) -> 2100 | D20: =(INDEX(Input_disp_check!$D$42:$D$58, MATCH(B20,Input_disp_check!$B$42:$B$58,0))) -> H - | E20: =(INDEX(Input_disp_check!$E$42:$E$58, MATCH(B20,Input_disp_check!$B$42:$B$58,0))) -> 200 | F20: =SQRT(2*PI()^2*Input_disp_check!$C$8/Input_disp_check!$C$6) -> 122.7745 | G20: 2 | H20: =G20*C20/(INDEX(profile_H!$O$6:$O$17, MATCH(E20, profile_H!$C$6:$C$17, 0))) -> 83.665339 | I20: =IF(H20>200, "N.G","OK") -> OK | J20: =12*PI()^2*Input_disp_check!$C$8/(23*H20^2) -> 154.48322 | K20: =(1-H20^2/(2*F20^2))*Input_disp_check!$C$6 / ((5/3) + (3*H20/(8*F20))-(H20^3/(8*F20^3))) -> 112.15411 | L20: =IF(H20<F20,K20,J20) -> 112.15411 | M20: =(INDEX(Input_disp_check!$I$42:$I$58, MATCH(B20,Input_disp_check!$B$42:$B$58,0)))/(INDEX(profile_H!$H$6:$H$17, MATCH(E20, profile_H!$C$6:$C$17, 0))) -> 5.9429565 | N20: =IF(M20/Input_disp_check!$C$6<=0.16,"OK","Warning") -> OK | O20: =200*(INDEX(profile_H!$D$6:$D$17, MATCH(E20, profile_H!$C$6:$C$17, 0)))/SQRT(Input_disp_check!$C$6) -> 2412.0908 | P20: =138000/(E20/((INDEX(profile_H!$D$6:$D$17, MATCH(E20, profile_H!$C$6:$C$17, 0)))*(INDEX(profile_H!$F$6:$F$17, MATCH(E20, profile_H!$C$6:$C$17, 0))))*Input_disp_check!$C$6) -> 6021.8182 | Q20: =MIN(O20:P20) -> 2412.0908 | R20: =INDEX(profile_H!$I$6:$I$17, MATCH(E20, profile_H!$C$6:$C$17, 0)) -> 55.108187 | S20: =(C20)/R20 -> 38.106861 | T20: =(703.3*1000*V20/Input_disp_check!$C$6)^0.5 -> 50.571282 | U20: =(3516*1000*V20/Input_disp_check!$C$6)^0.5 -> 113.07278 | V20: 1 | W20: =MIN(0.66*Input_disp_check!$C$6, 0.55*Input_disp_check!$C$7) -> 181.5 | X20: =MIN(((2/3)-(Input_disp_check!$C$6*(C20/R20)^2 / (10550 * 1000*V20))),0.6) * Input_disp_check!$C$6 -> 165 | Y20: =MIN((1172*1000*V20)/(C20/R20)^2, 0.6*Input_disp_check!$C$6) -> 165 | Z20: =MIN((82740*V20)/(C20*E20/INDEX(profile_H!$U$6:$U$17, MATCH(E20, profile_H!$C$6:$C$17, 0))), 0.6*Input_disp_check!$C$6) -> 165 | AA20: =MAX(IF(S20>=T20,IF(S20<=U20,X20,Y20), Z20),Z20) -> 165 | AB20: =IF(C20>Q20,AA20,W20) -> 181.5 | AC20: =(INDEX(Input_disp_check!$P$42:$P$58, MATCH(B20,Input_disp_check!$B$42:$B$58,0)))/INDEX(profile_H!$K$6:$K$17,MATCH(E20, profile_H!$C$6:$C$17, 0)) -> 74.391335 | AD20: =(INDEX(Input_disp_check!$N$42:$N$58, MATCH(B20,Input_disp_check!$B$42:$B$58,0)))/INDEX(profile_H!$K$6:$K$17,MATCH(E20, profile_H!$C$6:$C$17, 0)) -> 23.997205 | AE20: =MIN(0.75*Input_disp_check!$C$6,0.63*Input_disp_check!$C$7) -> 206.25 | AF20: =(INDEX(Input_disp_check!$Q$42:$Q$58, MATCH(B20,Input_disp_check!$B$42:$B$58,0)))/INDEX(profile_H!$N$6:$N$17, MATCH(E20, profile_H!$C$6:$C$17, 0)) -> 99.108457 | AG20: =12*PI()^2*Input_disp_check!$C$8/(23*(G20*C20/INDEX(profile_H!$L$6:$L$17, MATCH(E20, profile_H!$C$6:$C$17, 0)))^2) -> 455.50002 | AH20: =12*PI()^2*Input_disp_check!$C$8/(23*(G20*C20/INDEX(profile_H!$O$6:$O$17, MATCH(E20, profile_H!$C$6:$C$17, 0)))^2) -> 154.48322 | AI20: 0.85 | AJ20: =(M20/L20)+(AI20*AD20/((1-M20/AG20)*AB20))+(AI20*AF20/((1-M20/AH20)*AE20)) -> 0.59164702 | AK20: =(M20/(0.6*Input_disp_check!$C$6))+(AD20/AB20)+(AF20/AE20) -> 0.64875977 | AL20: =(M20/L20)+(AD20/AB20)+(AF20/AE20) -> 0.66573105 | AM20: =IF(M20/L20<=0.15,AL20,MAX(AJ20,AK20)) -> 0.66573105 | AN20: =IF(AM20<=1,"OK","NG") -> OK | AO20: =(M20/L20)+(AI20*AC20/((1-M20/AG20)*AB20)) -> 0.40598393 | AP20: =(M20/(0.6*Input_disp_check!$C$6))+(AC20/AB20) -> 0.44588753 | AQ20: =(M20/L20)+(AC20/AB20) -> 0.46285881 | AR20: =IF(M20/L20<=0.15,AQ20,MAX(AO20,AP20)) -> 0.46285881 | AS20: =IF(AR20<=1,"OK","NG") -> OK | AT20: =MIN(0.4*Input_disp_check!$C$6,0.33*Input_disp_check!$C$7) -> 110 | AU20: =(INDEX(Input_disp_check!$I$42:$I$58, MATCH(B20,Input_disp_check!$B$42:$B$58,0)))/INDEX(profile_H!$T$6:$T$17, MATCH(E20, profile_H!$C$6:$C$17, 0)) -> 23.597252 | AV20: =AU20/AT20 -> 0.21452047 | AW20: =IF(AV20<=1,"OK","NG") -> OK
B21: 8 | C21: =(INDEX(Input_disp_check!$C$42:$C$58, MATCH(B21,Input_disp_check!$B$42:$B$58,0))) -> 2100 | D21: =(INDEX(Input_disp_check!$D$42:$D$58, MATCH(B21,Input_disp_check!$B$42:$B$58,0))) -> H - | E21: =(INDEX(Input_disp_check!$E$42:$E$58, MATCH(B21,Input_disp_check!$B$42:$B$58,0))) -> 150 | F21: =SQRT(2*PI()^2*Input_disp_check!$C$8/Input_disp_check!$C$6) -> 122.7745 | G21: 2 | H21: =G21*C21/(INDEX(profile_H!$O$6:$O$17, MATCH(E21, profile_H!$C$6:$C$17, 0))) -> 112 | I21: =IF(H21>200, "N.G","OK") -> OK | J21: =12*PI()^2*Input_disp_check!$C$8/(23*H21^2) -> 86.205784 | K21: =(1-H21^2/(2*F21^2))*Input_disp_check!$C$6 / ((5/3) + (3*H21/(8*F21))-(H21^3/(8*F21^3))) -> 83.900783 | L21: =IF(H21<F21,K21,J21) -> 83.900783 | M21: =(INDEX(Input_disp_check!$I$42:$I$58, MATCH(B21,Input_disp_check!$B$42:$B$58,0)))/(INDEX(profile_H!$H$6:$H$17, MATCH(E21, profile_H!$C$6:$C$17, 0))) -> 3.2982007 | N21: =IF(M21/Input_disp_check!$C$6<=0.16,"OK","Warning") -> OK | O21: =200*(INDEX(profile_H!$D$6:$D$17, MATCH(E21, profile_H!$C$6:$C$17, 0)))/SQRT(Input_disp_check!$C$6) -> 1809.0681 | P21: =138000/(E21/((INDEX(profile_H!$D$6:$D$17, MATCH(E21, profile_H!$C$6:$C$17, 0)))*(INDEX(profile_H!$F$6:$F$17, MATCH(E21, profile_H!$C$6:$C$17, 0))))*Input_disp_check!$C$6) -> 5018.1818 | Q21: =MIN(O21:P21) -> 1809.0681 | R21: =INDEX(profile_H!$I$6:$I$17, MATCH(E21, profile_H!$C$6:$C$17, 0)) -> 41.269848 | S21: =(C21)/R21 -> 50.884607 | T21: =(703.3*1000*V21/Input_disp_check!$C$6)^0.5 -> 50.571282 | U21: =(3516*1000*V21/Input_disp_check!$C$6)^0.5 -> 113.07278 | V21: 1 | W21: =MIN(0.66*Input_disp_check!$C$6, 0.55*Input_disp_check!$C$7) -> 181.5 | X21: =MIN(((2/3)-(Input_disp_check!$C$6*(C21/R21)^2 / (10550 * 1000*V21))),0.6) * Input_disp_check!$C$6 -> 164.773 | Y21: =MIN((1172*1000*V21)/(C21/R21)^2, 0.6*Input_disp_check!$C$6) -> 165 | Z21: =MIN((82740*V21)/(C21*E21/INDEX(profile_H!$U$6:$U$17, MATCH(E21, profile_H!$C$6:$C$17, 0))), 0.6*Input_disp_check!$C$6) -> 165 | AA21: =MAX(IF(S21>=T21,IF(S21<=U21,X21,Y21), Z21),Z21) -> 165 | AB21: =IF(C21>Q21,AA21,W21) -> 165 | AC21: =(INDEX(Input_disp_check!$P$42:$P$58, MATCH(B21,Input_disp_check!$B$42:$B$58,0)))/INDEX(profile_H!$K$6:$K$17,MATCH(E21, profile_H!$C$6:$C$17, 0)) -> 56.220315 | AD21: =(INDEX(Input_disp_check!$N$42:$N$58, MATCH(B21,Input_disp_check!$B$42:$B$58,0)))/INDEX(profile_H!$K$6:$K$17,MATCH(E21, profile_H!$C$6:$C$17, 0)) -> 18.135586 | AE21: =MIN(0.75*Input_disp_check!$C$6,0.63*Input_disp_check!$C$7) -> 206.25 | AF21: =(INDEX(Input_disp_check!$Q$42:$Q$58, MATCH(B21,Input_disp_check!$B$42:$B$58,0)))/INDEX(profile_H!$N$6:$N$17, MATCH(E21, profile_H!$C$6:$C$17, 0)) -> 74.039555 | AG21: =12*PI()^2*Input_disp_check!$C$8/(23*(G21*C21/INDEX(profile_H!$L$6:$L$17, MATCH(E21, profile_H!$C$6:$C$17, 0)))^2) -> 250.30849 | AH21: =12*PI()^2*Input_disp_check!$C$8/(23*(G21*C21/INDEX(profile_H!$O$6:$O$17, MATCH(E21, profile_H!$C$6:$C$17, 0)))^2) -> 86.205784 | AI21: 0.85 | AJ21: =(M21/L21)+(AI21*AD21/((1-M21/AG21)*AB21))+(AI21*AF21/((1-M21/AH21)*AE21)) -> 0.45125533 | AK21: =(M21/(0.6*Input_disp_check!$C$6))+(AD21/AB21)+(AF21/AE21) -> 0.48888139 | AL21: =(M21/L21)+(AD21/AB21)+(AF21/AE21) -> 0.50820302 | AM21: =IF(M21/L21<=0.15,AL21,MAX(AJ21,AK21)) -> 0.50820302 | AN21: =IF(AM21<=1,"OK","NG") -> OK | AO21: =(M21/L21)+(AI21*AC21/((1-M21/AG21)*AB21)) -> 0.33279768 | AP21: =(M21/(0.6*Input_disp_check!$C$6))+(AC21/AB21) -> 0.36071828 | AQ21: =(M21/L21)+(AC21/AB21) -> 0.38003991 | AR21: =IF(M21/L21<=0.15,AQ21,MAX(AO21,AP21)) -> 0.38003991 | AS21: =IF(AR21<=1,"OK","NG") -> OK | AT21: =MIN(0.4*Input_disp_check!$C$6,0.33*Input_disp_check!$C$7) -> 110 | AU21: =(INDEX(Input_disp_check!$I$42:$I$58, MATCH(B21,Input_disp_check!$B$42:$B$58,0)))/INDEX(profile_H!$T$6:$T$17, MATCH(E21, profile_H!$C$6:$C$17, 0)) -> 12.60855 | AV21: =AU21/AT21 -> 0.11462318 | AW21: =IF(AV21<=1,"OK","NG") -> OK
B22: 9 | C22: =(INDEX(Input_disp_check!$C$42:$C$58, MATCH(B22,Input_disp_check!$B$42:$B$58,0))) -> 2100 | D22: =(INDEX(Input_disp_check!$D$42:$D$58, MATCH(B22,Input_disp_check!$B$42:$B$58,0))) -> H - | E22: =(INDEX(Input_disp_check!$E$42:$E$58, MATCH(B22,Input_disp_check!$B$42:$B$58,0))) -> 125 | F22: =SQRT(2*PI()^2*Input_disp_check!$C$8/Input_disp_check!$C$6) -> 122.7745 | G22: 2 | H22: =G22*C22/(INDEX(profile_H!$O$6:$O$17, MATCH(E22, profile_H!$C$6:$C$17, 0))) -> 135.04823 | I22: =IF(H22>200, "N.G","OK") -> OK | J22: =12*PI()^2*Input_disp_check!$C$8/(23*H22^2) -> 59.291802 | K22: =(1-H22^2/(2*F22^2))*Input_disp_check!$C$6 / ((5/3) + (3*H22/(8*F22))-(H22^3/(8*F22^3))) -> 56.793443 | L22: =IF(H22<F22,K22,J22) -> 59.291802 | M22: =(INDEX(Input_disp_check!$I$42:$I$58, MATCH(B22,Input_disp_check!$B$42:$B$58,0)))/(INDEX(profile_H!$H$6:$H$17, MATCH(E22, profile_H!$C$6:$C$17, 0))) -> 2.2648152 | N22: =IF(M22/Input_disp_check!$C$6<=0.16,"OK","Warning") -> OK | O22: =200*(INDEX(profile_H!$D$6:$D$17, MATCH(E22, profile_H!$C$6:$C$17, 0)))/SQRT(Input_disp_check!$C$6) -> 1507.5567 | P22: =138000/(E22/((INDEX(profile_H!$D$6:$D$17, MATCH(E22, profile_H!$C$6:$C$17, 0)))*(INDEX(profile_H!$F$6:$F$17, MATCH(E22, profile_H!$C$6:$C$17, 0))))*Input_disp_check!$C$6) -> 4516.3636 | Q22: =MIN(O22:P22) -> 1507.5567 | R22: =INDEX(profile_H!$I$6:$I$17, MATCH(E22, profile_H!$C$6:$C$17, 0)) -> 34.362506 | S22: =(C22)/R22 -> 61.113121 | T22: =(703.3*1000*V22/Input_disp_check!$C$6)^0.5 -> 50.571282 | U22: =(3516*1000*V22/Input_disp_check!$C$6)^0.5 -> 113.07278 | V22: 1 | W22: =MIN(0.66*Input_disp_check!$C$6, 0.55*Input_disp_check!$C$7) -> 181.5 | X22: =MIN(((2/3)-(Input_disp_check!$C$6*(C22/R22)^2 / (10550 * 1000*V22))),0.6) * Input_disp_check!$C$6 -> 156.56127 | Y22: =MIN((1172*1000*V22)/(C22/R22)^2, 0.6*Input_disp_check!$C$6) -> 165 | Z22: =MIN((82740*V22)/(C22*E22/INDEX(profile_H!$U$6:$U$17, MATCH(E22, profile_H!$C$6:$C$17, 0))), 0.6*Input_disp_check!$C$6) -> 165 | AA22: =MAX(IF(S22>=T22,IF(S22<=U22,X22,Y22), Z22),Z22) -> 165 | AB22: =IF(C22>Q22,AA22,W22) -> 165 | AC22: =(INDEX(Input_disp_check!$P$42:$P$58, MATCH(B22,Input_disp_check!$B$42:$B$58,0)))/INDEX(profile_H!$K$6:$K$17,MATCH(E22, profile_H!$C$6:$C$17, 0)) -> 46.942126 | AD22: =(INDEX(Input_disp_check!$N$42:$N$58, MATCH(B22,Input_disp_check!$B$42:$B$58,0)))/INDEX(profile_H!$K$6:$K$17,MATCH(E22, profile_H!$C$6:$C$17, 0)) -> 15.142621 | AE22: =MIN(0.75*Input_disp_check!$C$6,0.63*Input_disp_check!$C$7) -> 206.25 | AF22: =(INDEX(Input_disp_check!$Q$42:$Q$58, MATCH(B22,Input_disp_check!$B$42:$B$58,0)))/INDEX(profile_H!$N$6:$N$17, MATCH(E22, profile_H!$C$6:$C$17, 0)) -> 61.343726 | AG22: =12*PI()^2*Input_disp_check!$C$8/(23*(G22*C22/INDEX(profile_H!$L$6:$L$17, MATCH(E22, profile_H!$C$6:$C$17, 0)))^2) -> 171.54782 | AH22: =12*PI()^2*Input_disp_check!$C$8/(23*(G22*C22/INDEX(profile_H!$O$6:$O$17, MATCH(E22, profile_H!$C$6:$C$17, 0)))^2) -> 59.291802 | AI22: 0.85 | AJ22: =(M22/L22)+(AI22*AD22/((1-M22/AG22)*AB22))+(AI22*AF22/((1-M22/AH22)*AE22)) -> 0.3800997 | AK22: =(M22/(0.6*Input_disp_check!$C$6))+(AD22/AB22)+(AF22/AE22) -> 0.40292374 | AL22: =(M22/L22)+(AD22/AB22)+(AF22/AE22) -> 0.42739537 | AM22: =IF(M22/L22<=0.15,AL22,MAX(AJ22,AK22)) -> 0.42739537 | AN22: =IF(AM22<=1,"OK","NG") -> OK | AO22: =(M22/L22)+(AI22*AC22/((1-M22/AG22)*AB22)) -> 0.28325617 | AP22: =(M22/(0.6*Input_disp_check!$C$6))+(AC22/AB22) -> 0.29822389 | AQ22: =(M22/L22)+(AC22/AB22) -> 0.32269551 | AR22: =IF(M22/L22<=0.15,AQ22,MAX(AO22,AP22)) -> 0.32269551 | AS22: =IF(AR22<=1,"OK","NG") -> OK | AT22: =MIN(0.4*Input_disp_check!$C$6,0.33*Input_disp_check!$C$7) -> 110 | AU22: =(INDEX(Input_disp_check!$I$42:$I$58, MATCH(B22,Input_disp_check!$B$42:$B$58,0)))/INDEX(profile_H!$T$6:$T$17, MATCH(E22, profile_H!$C$6:$C$17, 0)) -> 8.4488062 | AV22: =AU22/AT22 -> 0.076807329 | AW22: =IF(AV22<=1,"OK","NG") -> OK
B23: 10 | C23: =(INDEX(Input_disp_check!$C$42:$C$58, MATCH(B23,Input_disp_check!$B$42:$B$58,0))) -> 1500 | D23: =(INDEX(Input_disp_check!$D$42:$D$58, MATCH(B23,Input_disp_check!$B$42:$B$58,0))) -> H - | E23: =(INDEX(Input_disp_check!$E$42:$E$58, MATCH(B23,Input_disp_check!$B$42:$B$58,0))) -> 150 | F23: =SQRT(2*PI()^2*Input_disp_check!$C$8/Input_disp_check!$C$6) -> 122.7745 | G23: 2 | H23: =G23*C23/(INDEX(profile_H!$O$6:$O$17, MATCH(E23, profile_H!$C$6:$C$17, 0))) -> 80 | I23: =IF(H23>200, "N.G","OK") -> OK | J23: =12*PI()^2*Input_disp_check!$C$8/(23*H23^2) -> 168.96334 | K23: =(1-H23^2/(2*F23^2))*Input_disp_check!$C$6 / ((5/3) + (3*H23/(8*F23))-(H23^3/(8*F23^3))) -> 115.44218 | L23: =IF(H23<F23,K23,J23) -> 115.44218 | M23: =(INDEX(Input_disp_check!$I$42:$I$58, MATCH(B23,Input_disp_check!$B$42:$B$58,0)))/(INDEX(profile_H!$H$6:$H$17, MATCH(E23, profile_H!$C$6:$C$17, 0))) -> 5.3748455 | N23: =IF(M23/Input_disp_check!$C$6<=0.16,"OK","Warning") -> OK | O23: =200*(INDEX(profile_H!$D$6:$D$17, MATCH(E23, profile_H!$C$6:$C$17, 0)))/SQRT(Input_disp_check!$C$6) -> 1809.0681 | P23: =138000/(E23/((INDEX(profile_H!$D$6:$D$17, MATCH(E23, profile_H!$C$6:$C$17, 0)))*(INDEX(profile_H!$F$6:$F$17, MATCH(E23, profile_H!$C$6:$C$17, 0))))*Input_disp_check!$C$6) -> 5018.1818 | Q23: =MIN(O23:P23) -> 1809.0681 | R23: =INDEX(profile_H!$I$6:$I$17, MATCH(E23, profile_H!$C$6:$C$17, 0)) -> 41.269848 | S23: =(C23)/R23 -> 36.346148 | T23: =(703.3*1000*V23/Input_disp_check!$C$6)^0.5 -> 50.571282 | U23: =(3516*1000*V23/Input_disp_check!$C$6)^0.5 -> 113.07278 | V23: 1 | W23: =MIN(0.66*Input_disp_check!$C$6, 0.55*Input_disp_check!$C$7) -> 181.5 | X23: =MIN(((2/3)-(Input_disp_check!$C$6*(C23/R23)^2 / (10550 * 1000*V23))),0.6) * Input_disp_check!$C$6 -> 165 | Y23: =MIN((1172*1000*V23)/(C23/R23)^2, 0.6*Input_disp_check!$C$6) -> 165 | Z23: =MIN((82740*V23)/(C23*E23/INDEX(profile_H!$U$6:$U$17, MATCH(E23, profile_H!$C$6:$C$17, 0))), 0.6*Input_disp_check!$C$6) -> 165 | AA23: =MAX(IF(S23>=T23,IF(S23<=U23,X23,Y23), Z23),Z23) -> 165 | AB23: =IF(C23>Q23,AA23,W23) -> 181.5 | AC23: =(INDEX(Input_disp_check!$P$42:$P$58, MATCH(B23,Input_disp_check!$B$42:$B$58,0)))/INDEX(profile_H!$K$6:$K$17,MATCH(E23, profile_H!$C$6:$C$17, 0)) -> 73.885719 | AD23: =(INDEX(Input_disp_check!$N$42:$N$58, MATCH(B23,Input_disp_check!$B$42:$B$58,0)))/INDEX(profile_H!$K$6:$K$17,MATCH(E23, profile_H!$C$6:$C$17, 0)) -> 29.554288 | AE23: =MIN(0.75*Input_disp_check!$C$6,0.63*Input_disp_check!$C$7) -> 206.25 | AF23: =(INDEX(Input_disp_check!$Q$42:$Q$58, MATCH(B23,Input_disp_check!$B$42:$B$58,0)))/INDEX(profile_H!$N$6:$N$17, MATCH(E23, profile_H!$C$6:$C$17, 0)) -> 86.183609 | AG23: =12*PI()^2*Input_disp_check!$C$8/(23*(G23*C23/INDEX(profile_H!$L$6:$L$17, MATCH(E23, profile_H!$C$6:$C$17, 0)))^2) -> 490.60465 | AH23: =12*PI()^2*Input_disp_check!$C$8/(23*(G23*C23/INDEX(profile_H!$O$6:$O$17, MATCH(E23, profile_H!$C$6:$C$17, 0)))^2) -> 168.96334 | AI23: 0.85 | AJ23: =(M23/L23)+(AI23*AD23/((1-M23/AG23)*AB23))+(AI23*AF23/((1-M23/AH23)*AE23)) -> 0.55335113 | AK23: =(M23/(0.6*Input_disp_check!$C$6))+(AD23/AB23)+(AF23/AE23) -> 0.61326828 | AL23: =(M23/L23)+(AD23/AB23)+(AF23/AE23) -> 0.62725223 | AM23: =IF(M23/L23<=0.15,AL23,MAX(AJ23,AK23)) -> 0.62725223 | AN23: =IF(AM23<=1,"OK","NG") -> OK | AO23: =(M23/L23)+(AI23*AC23/((1-M23/AG23)*AB23)) -> 0.39641289 | AP23: =(M23/(0.6*Input_disp_check!$C$6))+(AC23/AB23) -> 0.43965867 | AQ23: =(M23/L23)+(AC23/AB23) -> 0.45364262 | AR23: =IF(M23/L23<=0.15,AQ23,MAX(AO23,AP23)) -> 0.45364262 | AS23: =IF(AR23<=1,"OK","NG") -> OK | AT23: =MIN(0.4*Input_disp_check!$C$6,0.33*Input_disp_check!$C$7) -> 110 | AU23: =(INDEX(Input_disp_check!$I$42:$I$58, MATCH(B23,Input_disp_check!$B$42:$B$58,0)))/INDEX(profile_H!$T$6:$T$17, MATCH(E23, profile_H!$C$6:$C$17, 0)) -> 20.547267 | AV23: =AU23/AT23 -> 0.18679333 | AW23: =IF(AV23<=1,"OK","NG") -> OK
B24: 11 | C24: =(INDEX(Input_disp_check!$C$42:$C$58, MATCH(B24,Input_disp_check!$B$42:$B$58,0))) -> 1500 | D24: =(INDEX(Input_disp_check!$D$42:$D$58, MATCH(B24,Input_disp_check!$B$42:$B$58,0))) -> H - | E24: =(INDEX(Input_disp_check!$E$42:$E$58, MATCH(B24,Input_disp_check!$B$42:$B$58,0))) -> 125 | F24: =SQRT(2*PI()^2*Input_disp_check!$C$8/Input_disp_check!$C$6) -> 122.7745 | G24: 2 | H24: =G24*C24/(INDEX(profile_H!$O$6:$O$17, MATCH(E24, profile_H!$C$6:$C$17, 0))) -> 96.463023 | I24: =IF(H24>200, "N.G","OK") -> OK | J24: =12*PI()^2*Input_disp_check!$C$8/(23*H24^2) -> 116.21193 | K24: =(1-H24^2/(2*F24^2))*Input_disp_check!$C$6 / ((5/3) + (3*H24/(8*F24))-(H24^3/(8*F24^3))) -> 100.02739 | L24: =IF(H24<F24,K24,J24) -> 100.02739 | M24: =(INDEX(Input_disp_check!$I$42:$I$58, MATCH(B24,Input_disp_check!$B$42:$B$58,0)))/(INDEX(profile_H!$H$6:$H$17, MATCH(E24, profile_H!$C$6:$C$17, 0))) -> 3.7207679 | N24: =IF(M24/Input_disp_check!$C$6<=0.16,"OK","Warning") -> OK | O24: =200*(INDEX(profile_H!$D$6:$D$17, MATCH(E24, profile_H!$C$6:$C$17, 0)))/SQRT(Input_disp_check!$C$6) -> 1507.5567 | P24: =138000/(E24/((INDEX(profile_H!$D$6:$D$17, MATCH(E24, profile_H!$C$6:$C$17, 0)))*(INDEX(profile_H!$F$6:$F$17, MATCH(E24, profile_H!$C$6:$C$17, 0))))*Input_disp_check!$C$6) -> 4516.3636 | Q24: =MIN(O24:P24) -> 1507.5567 | R24: =INDEX(profile_H!$I$6:$I$17, MATCH(E24, profile_H!$C$6:$C$17, 0)) -> 34.362506 | S24: =(C24)/R24 -> 43.652229 | T24: =(703.3*1000*V24/Input_disp_check!$C$6)^0.5 -> 50.571282 | U24: =(3516*1000*V24/Input_disp_check!$C$6)^0.5 -> 113.07278 | V24: 1 | W24: =MIN(0.66*Input_disp_check!$C$6, 0.55*Input_disp_check!$C$7) -> 181.5 | X24: =MIN(((2/3)-(Input_disp_check!$C$6*(C24/R24)^2 / (10550 * 1000*V24))),0.6) * Input_disp_check!$C$6 -> 165 | Y24: =MIN((1172*1000*V24)/(C24/R24)^2, 0.6*Input_disp_check!$C$6) -> 165 | Z24: =MIN((82740*V24)/(C24*E24/INDEX(profile_H!$U$6:$U$17, MATCH(E24, profile_H!$C$6:$C$17, 0))), 0.6*Input_disp_check!$C$6) -> 165 | AA24: =MAX(IF(S24>=T24,IF(S24<=U24,X24,Y24), Z24),Z24) -> 165 | AB24: =IF(C24>Q24,AA24,W24) -> 181.5 | AC24: =(INDEX(Input_disp_check!$P$42:$P$58, MATCH(B24,Input_disp_check!$B$42:$B$58,0)))/INDEX(profile_H!$K$6:$K$17,MATCH(E24, profile_H!$C$6:$C$17, 0)) -> 62.192909 | AD24: =(INDEX(Input_disp_check!$N$42:$N$58, MATCH(B24,Input_disp_check!$B$42:$B$58,0)))/INDEX(profile_H!$K$6:$K$17,MATCH(E24, profile_H!$C$6:$C$17, 0)) -> 24.877164 | AE24: =MIN(0.75*Input_disp_check!$C$6,0.63*Input_disp_check!$C$7) -> 206.25 | AF24: =(INDEX(Input_disp_check!$Q$42:$Q$58, MATCH(B24,Input_disp_check!$B$42:$B$58,0)))/INDEX(profile_H!$N$6:$N$17, MATCH(E24, profile_H!$C$6:$C$17, 0)) -> 71.984984 | AG24: =12*PI()^2*Input_disp_check!$C$8/(23*(G24*C24/INDEX(profile_H!$L$6:$L$17, MATCH(E24, profile_H!$C$6:$C$17, 0)))^2) -> 336.23373 | AH24: =12*PI()^2*Input_disp_check!$C$8/(23*(G24*C24/INDEX(profile_H!$O$6:$O$17, MATCH(E24, profile_H!$C$6:$C$17, 0)))^2) -> 116.21193 | AI24: 0.85 | AJ24: =(M24/L24)+(AI24*AD24/((1-M24/AG24)*AB24))+(AI24*AF24/((1-M24/AH24)*AE24)) -> 0.4614837 | AK24: =(M24/(0.6*Input_disp_check!$C$6))+(AD24/AB24)+(AF24/AE24) -> 0.50863248 | AL24: =(M24/L24)+(AD24/AB24)+(AF24/AE24) -> 0.52327986 | AM24: =IF(M24/L24<=0.15,AL24,MAX(AJ24,AK24)) -> 0.52327986 | AN24: =IF(AM24<=1,"OK","NG") -> OK | AO24: =(M24/L24)+(AI24*AC24/((1-M24/AG24)*AB24)) -> 0.33171822 | AP24: =(M24/(0.6*Input_disp_check!$C$6))+(AC24/AB24) -> 0.36521076 | AQ24: =(M24/L24)+(AC24/AB24) -> 0.37985815 | AR24: =IF(M24/L24<=0.15,AQ24,MAX(AO24,AP24)) -> 0.37985815 | AS24: =IF(AR24<=1,"OK","NG") -> OK | AT24: =MIN(0.4*Input_disp_check!$C$6,0.33*Input_disp_check!$C$7) -> 110 | AU24: =(INDEX(Input_disp_check!$I$42:$I$58, MATCH(B24,Input_disp_check!$B$42:$B$58,0)))/INDEX(profile_H!$T$6:$T$17, MATCH(E24, profile_H!$C$6:$C$17, 0)) -> 13.880182 | AV24: =AU24/AT24 -> 0.12618347 | AW24: =IF(AV24<=1,"OK","NG") -> OK
B25: 12 | C25: =(INDEX(Input_disp_check!$C$42:$C$58, MATCH(B25,Input_disp_check!$B$42:$B$58,0))) -> 1000 | D25: =(INDEX(Input_disp_check!$D$42:$D$58, MATCH(B25,Input_disp_check!$B$42:$B$58,0))) -> H - | E25: =(INDEX(Input_disp_check!$E$42:$E$58, MATCH(B25,Input_disp_check!$B$42:$B$58,0))) -> 150 | F25: =SQRT(2*PI()^2*Input_disp_check!$C$8/Input_disp_check!$C$6) -> 122.7745 | G25: 2 | H25: =G25*C25/(INDEX(profile_H!$O$6:$O$17, MATCH(E25, profile_H!$C$6:$C$17, 0))) -> 53.333333 | I25: =IF(H25>200, "N.G","OK") -> OK | J25: =12*PI()^2*Input_disp_check!$C$8/(23*H25^2) -> 380.16751 | K25: =(1-H25^2/(2*F25^2))*Input_disp_check!$C$6 / ((5/3) + (3*H25/(8*F25))-(H25^3/(8*F25^3))) -> 136.89354 | L25: =IF(H25<F25,K25,J25) -> 136.89354 | M25: =(INDEX(Input_disp_check!$I$42:$I$58, MATCH(B25,Input_disp_check!$B$42:$B$58,0)))/(INDEX(profile_H!$H$6:$H$17, MATCH(E25, profile_H!$C$6:$C$17, 0))) -> 7.8179571 | N25: =IF(M25/Input_disp_check!$C$6<=0.16,"OK","Warning") -> OK | O25: =200*(INDEX(profile_H!$D$6:$D$17, MATCH(E25, profile_H!$C$6:$C$17, 0)))/SQRT(Input_disp_check!$C$6) -> 1809.0681 | P25: =138000/(E25/((INDEX(profile_H!$D$6:$D$17, MATCH(E25, profile_H!$C$6:$C$17, 0)))*(INDEX(profile_H!$F$6:$F$17, MATCH(E25, profile_H!$C$6:$C$17, 0))))*Input_disp_check!$C$6) -> 5018.1818 | Q25: =MIN(O25:P25) -> 1809.0681 | R25: =INDEX(profile_H!$I$6:$I$17, MATCH(E25, profile_H!$C$6:$C$17, 0)) -> 41.269848 | S25: =(C25)/R25 -> 24.230765 | T25: =(703.3*1000*V25/Input_disp_check!$C$6)^0.5 -> 50.571282 | U25: =(3516*1000*V25/Input_disp_check!$C$6)^0.5 -> 113.07278 | V25: 1 | W25: =MIN(0.66*Input_disp_check!$C$6, 0.55*Input_disp_check!$C$7) -> 181.5 | X25: =MIN(((2/3)-(Input_disp_check!$C$6*(C25/R25)^2 / (10550 * 1000*V25))),0.6) * Input_disp_check!$C$6 -> 165 | Y25: =MIN((1172*1000*V25)/(C25/R25)^2, 0.6*Input_disp_check!$C$6) -> 165 | Z25: =MIN((82740*V25)/(C25*E25/INDEX(profile_H!$U$6:$U$17, MATCH(E25, profile_H!$C$6:$C$17, 0))), 0.6*Input_disp_check!$C$6) -> 165 | AA25: =MAX(IF(S25>=T25,IF(S25<=U25,X25,Y25), Z25),Z25) -> 165 | AB25: =IF(C25>Q25,AA25,W25) -> 181.5 | AC25: =(INDEX(Input_disp_check!$P$42:$P$58, MATCH(B25,Input_disp_check!$B$42:$B$58,0)))/INDEX(profile_H!$K$6:$K$17,MATCH(E25, profile_H!$C$6:$C$17, 0)) -> 85.97611 | AD25: =(INDEX(Input_disp_check!$N$42:$N$58, MATCH(B25,Input_disp_check!$B$42:$B$58,0)))/INDEX(profile_H!$K$6:$K$17,MATCH(E25, profile_H!$C$6:$C$17, 0)) -> 42.988055 | AE25: =MIN(0.75*Input_disp_check!$C$6,0.63*Input_disp_check!$C$7) -> 206.25 | AF25: =(INDEX(Input_disp_check!$Q$42:$Q$58, MATCH(B25,Input_disp_check!$B$42:$B$58,0)))/INDEX(profile_H!$N$6:$N$17, MATCH(E25, profile_H!$C$6:$C$17, 0)) -> 83.571984 | AG25: =12*PI()^2*Input_disp_check!$C$8/(23*(G25*C25/INDEX(profile_H!$L$6:$L$17, MATCH(E25, profile_H!$C$6:$C$17, 0)))^2) -> 1103.8605 | AH25: =12*PI()^2*Input_disp_check!$C$8/(23*(G25*C25/INDEX(profile_H!$O$6:$O$17, MATCH(E25, profile_H!$C$6:$C$17, 0)))^2) -> 380.16751 | AI25: 0.85 | AJ25: =(M25/L25)+(AI25*AD25/((1-M25/AG25)*AB25))+(AI25*AF25/((1-M25/AH25)*AE25)) -> 0.6115166 | AK25: =(M25/(0.6*Input_disp_check!$C$6))+(AD25/AB25)+(AF25/AE25) -> 0.68942784 | AL25: =(M25/L25)+(AD25/AB25)+(AF25/AE25) -> 0.69915604 | AM25: =IF(M25/L25<=0.15,AL25,MAX(AJ25,AK25)) -> 0.69915604 | AN25: =IF(AM25<=1,"OK","NG") -> OK | AO25: =(M25/L25)+(AI25*AC25/((1-M25/AG25)*AB25)) -> 0.46262471 | AP25: =(M25/(0.6*Input_disp_check!$C$6))+(AC25/AB25) -> 0.52107913 | AQ25: =(M25/L25)+(AC25/AB25) -> 0.53080733 | AR25: =IF(M25/L25<=0.15,AQ25,MAX(AO25,AP25)) -> 0.53080733 | AS25: =IF(AR25<=1,"OK","NG") -> OK | AT25: =MIN(0.4*Input_disp_check!$C$6,0.33*Input_disp_check!$C$7) -> 110 | AU25: =(INDEX(Input_disp_check!$I$42:$I$58, MATCH(B25,Input_disp_check!$B$42:$B$58,0)))/INDEX(profile_H!$T$6:$T$17, MATCH(E25, profile_H!$C$6:$C$17, 0)) -> 29.886933 | AV25: =AU25/AT25 -> 0.27169939 | AW25: =IF(AV25<=1,"OK","NG") -> OK | AY25: Stress govern : target 70%
B26: 13 | C26: =(INDEX(Input_disp_check!$C$42:$C$58, MATCH(B26,Input_disp_check!$B$42:$B$58,0))) -> 1000 | D26: =(INDEX(Input_disp_check!$D$42:$D$58, MATCH(B26,Input_disp_check!$B$42:$B$58,0))) -> H - | E26: =(INDEX(Input_disp_check!$E$42:$E$58, MATCH(B26,Input_disp_check!$B$42:$B$58,0))) -> 125 | F26: =SQRT(2*PI()^2*Input_disp_check!$C$8/Input_disp_check!$C$6) -> 122.7745 | G26: 2 | H26: =G26*C26/(INDEX(profile_H!$O$6:$O$17, MATCH(E26, profile_H!$C$6:$C$17, 0))) -> 64.308682 | I26: =IF(H26>200, "N.G","OK") -> OK | J26: =12*PI()^2*Input_disp_check!$C$8/(23*H26^2) -> 261.47685 | K26: =(1-H26^2/(2*F26^2))*Input_disp_check!$C$6 / ((5/3) + (3*H26/(8*F26))-(H26^3/(8*F26^3))) -> 128.59571 | L26: =IF(H26<F26,K26,J26) -> 128.59571 | M26: =(INDEX(Input_disp_check!$I$42:$I$58, MATCH(B26,Input_disp_check!$B$42:$B$58,0)))/(INDEX(profile_H!$H$6:$H$17, MATCH(E26, profile_H!$C$6:$C$17, 0))) -> 6.3091282 | N26: =IF(M26/Input_disp_check!$C$6<=0.16,"OK","Warning") -> OK | O26: =200*(INDEX(profile_H!$D$6:$D$17, MATCH(E26, profile_H!$C$6:$C$17, 0)))/SQRT(Input_disp_check!$C$6) -> 1507.5567 | P26: =138000/(E26/((INDEX(profile_H!$D$6:$D$17, MATCH(E26, profile_H!$C$6:$C$17, 0)))*(INDEX(profile_H!$F$6:$F$17, MATCH(E26, profile_H!$C$6:$C$17, 0))))*Input_disp_check!$C$6) -> 4516.3636 | Q26: =MIN(O26:P26) -> 1507.5567 | R26: =INDEX(profile_H!$I$6:$I$17, MATCH(E26, profile_H!$C$6:$C$17, 0)) -> 34.362506 | S26: =(C26)/R26 -> 29.101486 | T26: =(703.3*1000*V26/Input_disp_check!$C$6)^0.5 -> 50.571282 | U26: =(3516*1000*V26/Input_disp_check!$C$6)^0.5 -> 113.07278 | V26: 1 | W26: =MIN(0.66*Input_disp_check!$C$6, 0.55*Input_disp_check!$C$7) -> 181.5 | X26: =MIN(((2/3)-(Input_disp_check!$C$6*(C26/R26)^2 / (10550 * 1000*V26))),0.6) * Input_disp_check!$C$6 -> 165 | Y26: =MIN((1172*1000*V26)/(C26/R26)^2, 0.6*Input_disp_check!$C$6) -> 165 | Z26: =MIN((82740*V26)/(C26*E26/INDEX(profile_H!$U$6:$U$17, MATCH(E26, profile_H!$C$6:$C$17, 0))), 0.6*Input_disp_check!$C$6) -> 165 | AA26: =MAX(IF(S26>=T26,IF(S26<=U26,X26,Y26), Z26),Z26) -> 165 | AB26: =IF(C26>Q26,AA26,W26) -> 181.5 | AC26: =(INDEX(Input_disp_check!$P$42:$P$58, MATCH(B26,Input_disp_check!$B$42:$B$58,0)))/INDEX(profile_H!$K$6:$K$17,MATCH(E26, profile_H!$C$6:$C$17, 0)) -> 84.366033 | AD26: =(INDEX(Input_disp_check!$N$42:$N$58, MATCH(B26,Input_disp_check!$B$42:$B$58,0)))/INDEX(profile_H!$K$6:$K$17,MATCH(E26, profile_H!$C$6:$C$17, 0)) -> 42.183017 | AE26: =MIN(0.75*Input_disp_check!$C$6,0.63*Input_disp_check!$C$7) -> 206.25 | AF26: =(INDEX(Input_disp_check!$Q$42:$Q$58, MATCH(B26,Input_disp_check!$B$42:$B$58,0)))/INDEX(profile_H!$N$6:$N$17, MATCH(E26, profile_H!$C$6:$C$17, 0)) -> 81.37433 | AG26: =12*PI()^2*Input_disp_check!$C$8/(23*(G26*C26/INDEX(profile_H!$L$6:$L$17, MATCH(E26, profile_H!$C$6:$C$17, 0)))^2) -> 756.5259 | AH26: =12*PI()^2*Input_disp_check!$C$8/(23*(G26*C26/INDEX(profile_H!$O$6:$O$17, MATCH(E26, profile_H!$C$6:$C$17, 0)))^2) -> 261.47685 | AI26: 0.85 | AJ26: =(M26/L26)+(AI26*AD26/((1-M26/AG26)*AB26))+(AI26*AF26/((1-M26/AH26)*AE26)) -> 0.59192721 | AK26: =(M26/(0.6*Input_disp_check!$C$6))+(AD26/AB26)+(AF26/AE26) -> 0.66519266 | AL26: =(M26/L26)+(AD26/AB26)+(AF26/AE26) -> 0.67601725 | AM26: =IF(M26/L26<=0.15,AL26,MAX(AJ26,AK26)) -> 0.67601725 | AN26: =IF(AM26<=1,"OK","NG") -> OK | AO26: =(M26/L26)+(AI26*AC26/((1-M26/AG26)*AB26)) -> 0.44748707 | AP26: =(M26/(0.6*Input_disp_check!$C$6))+(AC26/AB26) -> 0.50306377 | AQ26: =(M26/L26)+(AC26/AB26) -> 0.51388836 | AR26: =IF(M26/L26<=0.15,AQ26,MAX(AO26,AP26)) -> 0.51388836 | AS26: =IF(AR26<=1,"OK","NG") -> OK | AT26: =MIN(0.4*Input_disp_check!$C$6,0.33*Input_disp_check!$C$7) -> 110 | AU26: =(INDEX(Input_disp_check!$I$42:$I$58, MATCH(B26,Input_disp_check!$B$42:$B$58,0)))/INDEX(profile_H!$T$6:$T$17, MATCH(E26, profile_H!$C$6:$C$17, 0)) -> 23.53596 | AV26: =AU26/AT26 -> 0.21396327 | AW26: =IF(AV26<=1,"OK","NG") -> OK
B27: 14 | C27: =(INDEX(Input_disp_check!$C$42:$C$58, MATCH(B27,Input_disp_check!$B$42:$B$58,0))) -> 500 | D27: =(INDEX(Input_disp_check!$D$42:$D$58, MATCH(B27,Input_disp_check!$B$42:$B$58,0))) -> H - | E27: =(INDEX(Input_disp_check!$E$42:$E$58, MATCH(B27,Input_disp_check!$B$42:$B$58,0))) -> 150 | F27: =SQRT(2*PI()^2*Input_disp_check!$C$8/Input_disp_check!$C$6) -> 122.7745 | G27: 2 | H27: =G27*C27/(INDEX(profile_H!$O$6:$O$17, MATCH(E27, profile_H!$C$6:$C$17, 0))) -> 26.666667 | I27: =IF(H27>200, "N.G","OK") -> OK | J27: =12*PI()^2*Input_disp_check!$C$8/(23*H27^2) -> 1520.67 | K27: =(1-H27^2/(2*F27^2))*Input_disp_check!$C$6 / ((5/3) + (3*H27/(8*F27))-(H27^3/(8*F27^3))) -> 153.71409 | L27: =IF(H27<F27,K27,J27) -> 153.71409 | M27: =(INDEX(Input_disp_check!$I$42:$I$58, MATCH(B27,Input_disp_check!$B$42:$B$58,0)))/(INDEX(profile_H!$H$6:$H$17, MATCH(E27, profile_H!$C$6:$C$17, 0))) -> 10.994002 | N27: =IF(M27/Input_disp_check!$C$6<=0.16,"OK","Warning") -> OK | O27: =200*(INDEX(profile_H!$D$6:$D$17, MATCH(E27, profile_H!$C$6:$C$17, 0)))/SQRT(Input_disp_check!$C$6) -> 1809.0681 | P27: =138000/(E27/((INDEX(profile_H!$D$6:$D$17, MATCH(E27, profile_H!$C$6:$C$17, 0)))*(INDEX(profile_H!$F$6:$F$17, MATCH(E27, profile_H!$C$6:$C$17, 0))))*Input_disp_check!$C$6) -> 5018.1818 | Q27: =MIN(O27:P27) -> 1809.0681 | R27: =INDEX(profile_H!$I$6:$I$17, MATCH(E27, profile_H!$C$6:$C$17, 0)) -> 41.269848 | S27: =(C27)/R27 -> 12.115383 | T27: =(703.3*1000*V27/Input_disp_check!$C$6)^0.5 -> 50.571282 | U27: =(3516*1000*V27/Input_disp_check!$C$6)^0.5 -> 113.07278 | V27: 1 | W27: =MIN(0.66*Input_disp_check!$C$6, 0.55*Input_disp_check!$C$7) -> 181.5 | X27: =MIN(((2/3)-(Input_disp_check!$C$6*(C27/R27)^2 / (10550 * 1000*V27))),0.6) * Input_disp_check!$C$6 -> 165 | Y27: =MIN((1172*1000*V27)/(C27/R27)^2, 0.6*Input_disp_check!$C$6) -> 165 | Z27: =MIN((82740*V27)/(C27*E27/INDEX(profile_H!$U$6:$U$17, MATCH(E27, profile_H!$C$6:$C$17, 0))), 0.6*Input_disp_check!$C$6) -> 165 | AA27: =MAX(IF(S27>=T27,IF(S27<=U27,X27,Y27), Z27),Z27) -> 165 | AB27: =IF(C27>Q27,AA27,W27) -> 181.5 | AC27: =(INDEX(Input_disp_check!$P$42:$P$58, MATCH(B27,Input_disp_check!$B$42:$B$58,0)))/INDEX(profile_H!$K$6:$K$17,MATCH(E27, profile_H!$C$6:$C$17, 0)) -> 90.677928 | AD27: =(INDEX(Input_disp_check!$N$42:$N$58, MATCH(B27,Input_disp_check!$B$42:$B$58,0)))/INDEX(profile_H!$K$6:$K$17,MATCH(E27, profile_H!$C$6:$C$17, 0)) -> 60.451952 | AE27: =MIN(0.75*Input_disp_check!$C$6,0.63*Input_disp_check!$C$7) -> 206.25 | AF27: =(INDEX(Input_disp_check!$Q$42:$Q$58, MATCH(B27,Input_disp_check!$B$42:$B$58,0)))/INDEX(profile_H!$N$6:$N$17, MATCH(E27, profile_H!$C$6:$C$17, 0)) -> 58.761551 | AG27: =12*PI()^2*Input_disp_check!$C$8/(23*(G27*C27/INDEX(profile_H!$L$6:$L$17, MATCH(E27, profile_H!$C$6:$C$17, 0)))^2) -> 4415.4418 | AH27: =12*PI()^2*Input_disp_check!$C$8/(23*(G27*C27/INDEX(profile_H!$O$6:$O$17, MATCH(E27, profile_H!$C$6:$C$17, 0)))^2) -> 1520.67 | AI27: 0.85 | AJ27: =(M27/L27)+(AI27*AD27/((1-M27/AG27)*AB27))+(AI27*AF27/((1-M27/AH27)*AE27)) -> 0.59926977 | AK27: =(M27/(0.6*Input_disp_check!$C$6))+(AD27/AB27)+(AF27/AE27) -> 0.68460341 | AL27: =(M27/L27)+(AD27/AB27)+(AF27/AE27) -> 0.68949551 | AM27: =IF(M27/L27<=0.15,AL27,MAX(AJ27,AK27)) -> 0.68949551 | AN27: =IF(AM27<=1,"OK","NG") -> OK | AO27: =(M27/L27)+(AI27*AC27/((1-M27/AG27)*AB27)) -> 0.49724489 | AP27: =(M27/(0.6*Input_disp_check!$C$6))+(AC27/AB27) -> 0.56623323 | AQ27: =(M27/L27)+(AC27/AB27) -> 0.57112532 | AR27: =IF(M27/L27<=0.15,AQ27,MAX(AO27,AP27)) -> 0.57112532 | AS27: =IF(AR27<=1,"OK","NG") -> OK | AT27: =MIN(0.4*Input_disp_check!$C$6,0.33*Input_disp_check!$C$7) -> 110 | AU27: =(INDEX(Input_disp_check!$I$42:$I$58, MATCH(B27,Input_disp_check!$B$42:$B$58,0)))/INDEX(profile_H!$T$6:$T$17, MATCH(E27, profile_H!$C$6:$C$17, 0)) -> 42.0285 | AV27: =AU27/AT27 -> 0.38207727 | AW27: =IF(AV27<=1,"OK","NG") -> OK | AY27: Stress govern : target 70%
B28: 15 | C28: =(INDEX(Input_disp_check!$C$42:$C$58, MATCH(B28,Input_disp_check!$B$42:$B$58,0))) -> 500 | D28: =(INDEX(Input_disp_check!$D$42:$D$58, MATCH(B28,Input_disp_check!$B$42:$B$58,0))) -> H - | E28: =(INDEX(Input_disp_check!$E$42:$E$58, MATCH(B28,Input_disp_check!$B$42:$B$58,0))) -> 125 | F28: =SQRT(2*PI()^2*Input_disp_check!$C$8/Input_disp_check!$C$6) -> 122.7745 | G28: 2 | H28: =G28*C28/(INDEX(profile_H!$O$6:$O$17, MATCH(E28, profile_H!$C$6:$C$17, 0))) -> 32.154341 | I28: =IF(H28>200, "N.G","OK") -> OK | J28: =12*PI()^2*Input_disp_check!$C$8/(23*H28^2) -> 1045.9074 | K28: =(1-H28^2/(2*F28^2))*Input_disp_check!$C$6 / ((5/3) + (3*H28/(8*F28))-(H28^3/(8*F28^3))) -> 150.666 | L28: =IF(H28<F28,K28,J28) -> 150.666 | M28: =(INDEX(Input_disp_check!$I$42:$I$58, MATCH(B28,Input_disp_check!$B$42:$B$58,0)))/(INDEX(profile_H!$H$6:$H$17, MATCH(E28, profile_H!$C$6:$C$17, 0))) -> 9.382806 | N28: =IF(M28/Input_disp_check!$C$6<=0.16,"OK","Warning") -> OK | O28: =200*(INDEX(profile_H!$D$6:$D$17, MATCH(E28, profile_H!$C$6:$C$17, 0)))/SQRT(Input_disp_check!$C$6) -> 1507.5567 | P28: =138000/(E28/((INDEX(profile_H!$D$6:$D$17, MATCH(E28, profile_H!$C$6:$C$17, 0)))*(INDEX(profile_H!$F$6:$F$17, MATCH(E28, profile_H!$C$6:$C$17, 0))))*Input_disp_check!$C$6) -> 4516.3636 | Q28: =MIN(O28:P28) -> 1507.5567 | R28: =INDEX(profile_H!$I$6:$I$17, MATCH(E28, profile_H!$C$6:$C$17, 0)) -> 34.362506 | S28: =(C28)/R28 -> 14.550743 | T28: =(703.3*1000*V28/Input_disp_check!$C$6)^0.5 -> 50.571282 | U28: =(3516*1000*V28/Input_disp_check!$C$6)^0.5 -> 113.07278 | V28: 1 | W28: =MIN(0.66*Input_disp_check!$C$6, 0.55*Input_disp_check!$C$7) -> 181.5 | X28: =MIN(((2/3)-(Input_disp_check!$C$6*(C28/R28)^2 / (10550 * 1000*V28))),0.6) * Input_disp_check!$C$6 -> 165 | Y28: =MIN((1172*1000*V28)/(C28/R28)^2, 0.6*Input_disp_check!$C$6) -> 165 | Z28: =MIN((82740*V28)/(C28*E28/INDEX(profile_H!$U$6:$U$17, MATCH(E28, profile_H!$C$6:$C$17, 0))), 0.6*Input_disp_check!$C$6) -> 165 | AA28: =MAX(IF(S28>=T28,IF(S28<=U28,X28,Y28), Z28),Z28) -> 165 | AB28: =IF(C28>Q28,AA28,W28) -> 181.5 | AC28: =(INDEX(Input_disp_check!$P$42:$P$58, MATCH(B28,Input_disp_check!$B$42:$B$58,0)))/INDEX(profile_H!$K$6:$K$17,MATCH(E28, profile_H!$C$6:$C$17, 0)) -> 94.100575 | AD28: =(INDEX(Input_disp_check!$N$42:$N$58, MATCH(B28,Input_disp_check!$B$42:$B$58,0)))/INDEX(profile_H!$K$6:$K$17,MATCH(E28, profile_H!$C$6:$C$17, 0)) -> 62.733717 | AE28: =MIN(0.75*Input_disp_check!$C$6,0.63*Input_disp_check!$C$7) -> 206.25 | AF28: =(INDEX(Input_disp_check!$Q$42:$Q$58, MATCH(B28,Input_disp_check!$B$42:$B$58,0)))/INDEX(profile_H!$N$6:$N$17, MATCH(E28, profile_H!$C$6:$C$17, 0)) -> 60.509117 | AG28: =12*PI()^2*Input_disp_check!$C$8/(23*(G28*C28/INDEX(profile_H!$L$6:$L$17, MATCH(E28, profile_H!$C$6:$C$17, 0)))^2) -> 3026.1036 | AH28: =12*PI()^2*Input_disp_check!$C$8/(23*(G28*C28/INDEX(profile_H!$O$6:$O$17, MATCH(E28, profile_H!$C$6:$C$17, 0)))^2) -> 1045.9074 | AI28: 0.85 | AJ28: =(M28/L28)+(AI28*AD28/((1-M28/AG28)*AB28))+(AI28*AF28/((1-M28/AH28)*AE28)) -> 0.60861184 | AK28: =(M28/(0.6*Input_disp_check!$C$6))+(AD28/AB28)+(AF28/AE28) -> 0.69588334 | AL28: =(M28/L28)+(AD28/AB28)+(AF28/AE28) -> 0.70129339 | AM28: =IF(M28/L28<=0.15,AL28,MAX(AJ28,AK28)) -> 0.70129339 | AN28: =IF(AM28<=1,"OK","NG") -> OK | AO28: =(M28/L28)+(AI28*AC28/((1-M28/AG28)*AB28)) -> 0.5043376 | AP28: =(M28/(0.6*Input_disp_check!$C$6))+(AC28/AB28) -> 0.57532596 | AQ28: =(M28/L28)+(AC28/AB28) -> 0.58073601 | AR28: =IF(M28/L28<=0.15,AQ28,MAX(AO28,AP28)) -> 0.58073601 | AS28: =IF(AR28<=1,"OK","NG") -> OK | AT28: =MIN(0.4*Input_disp_check!$C$6,0.33*Input_disp_check!$C$7) -> 110 | AU28: =(INDEX(Input_disp_check!$I$42:$I$58, MATCH(B28,Input_disp_check!$B$42:$B$58,0)))/INDEX(profile_H!$T$6:$T$17, MATCH(E28, profile_H!$C$6:$C$17, 0)) -> 35.002197 | AV28: =AU28/AT28 -> 0.31820179 | AW28: =IF(AV28<=1,"OK","NG") -> OK | AY28: Stress govern : target 70%
C33: Code Equation No. | D33: ASME BPVC.III.1.NF-2025, NF 3300 | T33: (17) | U33: (17),(18) | V33: (19) | W33: (9) | Z33: (19) | AJ33: (20) | AK33: (21) | AL33: (22) | AO33: (20) | AP33: (21) | AQ33: (22)
D34: AISC : ADS 89 (steel construction manual 9th) | W34: F1-1 | Z34: F1-8 | AE34: F2-2 | AJ34: H1-1 | AK34: H1-2 | AL34: H1-3 | AO34: H1-1 | AP34: H1-2 | AQ34: H1-3
B36: Channel
B37: NO. | C37: 높이 (mm) | D37: MEMBER SIZE | F37: Compression : Column | N37: Flexural : Column major axis | AE37: Flexural - Column minor axis | AG37: Combined stress : Columl axial compression + bending | AT37: Shear : Beam
AG38: Common | AJ38: Load Case1 : Vertical + Longi. Friction | AO38: Load Case2: Vertical + Transe. Friction | AT38: Major axis
F39: Cc | G39: K | H39: KL/r 세장비 (λ) | J39: Fa1 (Mpa) | K39: Fa2 (Mpa) | L39: Fa (Mpa) | M39: fa (Mpa) | N39: fa/Sy (0.16) 판정 | O39: Lc1 (mm) | P39: Lc2 (mm) | Q39: Lc (mm) | R39: rc (mm) | S39: l/rc | T39: 횡좌굴 기준1 | U39: 횡좌굴 기준2 | V39: Cb | W39: Fb1 (Mpa) | X39: Fb2-1 (Mpa) | Y39: Fb2-2 (Mpa) | Z39: Fb2-3 (Mpa) | AA39: Fb2 (Mpa) | AB39: Fb (Mpa) | AC39: fb1 (Mpa) | AD39: fb2 (Mpa) | AE39: Fb-minor (Mpa) | AF39: fb-minor (Mpa) | AG39: F'e (Mpa) | AH39: F'e - Minor (Mpa) | AI39: Cm | AJ39: Ratio 1 | AK39: Ratio 2 | AL39: Ratio 3 | AM39: Stress ratio | AN39: Result | AO39: Ratio 1 | AP39: Ratio 2 | AQ39: Ratio 3 | AR39: Stress ratio | AS39: Result | AT39: Fv (Mpa) | AU39: fv (Mpa) | AV39: Stress ratio | AW39: Result
B41: 1 | C41: =(INDEX(Input_disp_check!$C$65:$C$80, MATCH(B41,Input_disp_check!$B$65:$B$80,0))) -> 3000 | D41: =(INDEX(Input_disp_check!$D$65:$D$80, MATCH(B41,Input_disp_check!$B$65:$B$80,0))) -> C - | E41: =(INDEX(Input_disp_check!$E$65:$E$80, MATCH(B41,Input_disp_check!$B$65:$B$80,0))) -> 200 | F41: =SQRT(2*PI()^2*Input_disp_check!$C$8/Input_disp_check!$C$6) -> 122.7745 | G41: 2 | H41: =G41*C41/(INDEX(profile_C!$O$6:$O$17, MATCH(E41, profile_C!$C$6:$C$17, 0))) -> 223.8806 | I41: =IF(H41>200, "N.G","OK") -> N.G | J41: =12*PI()^2*Input_disp_check!$C$8/(23*H41^2) -> 21.57444 | K41: =(1-H41^2/(2*F41^2))*Input_disp_check!$C$6 / ((5/3) + (3*H41/(8*F41))-(H41^3/(8*F41^3))) -> -114.41683 | L41: =IF(H41<F41,K41,J41) -> 21.57444 | M41: =(INDEX(Input_disp_check!$I$65:$I$80, MATCH(B41,Input_disp_check!$B$65:$B$80,0)))/(INDEX(profile_C!$H$6:$H$17, MATCH(E41, profile_C!$C$6:$C$17, 0))) -> 1.1417833 | N41: =IF(M41/Input_disp_check!$C$6<=0.16,"OK","Warning") -> OK | O41: =200*(INDEX(profile_C!$D$6:$D$17, MATCH(E41, profile_C!$C$6:$C$17, 0)))/SQRT(Input_disp_check!$C$6) -> 1085.4408 | P41: =138000/(E41/((INDEX(profile_C!$D$6:$D$17, MATCH(E41, profile_C!$C$6:$C$17, 0)))*(INDEX(profile_C!$F$6:$F$17, MATCH(E41, profile_C!$C$6:$C$17, 0))))*Input_disp_check!$C$6) -> 3048.5455 | Q41: =MIN(O41:P41) -> 1085.4408 | R41: =INDEX(profile_C!$I$6:$I$17, MATCH(E41, profile_C!$C$6:$C$17, 0)) -> 23.835893 | S41: =(C41)/R41 -> 125.86061 | T41: =(703.3*1000*V41/Input_disp_check!$C$6)^0.5 -> 50.571282 | U41: =(3516*1000*V41/Input_disp_check!$C$6)^0.5 -> 113.07278 | V41: 1 | W41: =MIN(0.66*Input_disp_check!$C$6, 0.55*Input_disp_check!$C$7) -> 181.5 | Z41: =MIN((82740*V41)/(C41*E41/INDEX(profile_C!$U$6:$U$17, MATCH(E41, profile_C!$C$6:$C$17, 0))), 0.6*Input_disp_check!$C$6) -> 165 | AA41: =MAX(IF(S41>=T41,IF(S41<=U41,X41,Y41), Z41),Z41) -> 165 | AB41: =IF(C41>Q41,AA41,W41) -> 165 | AC41: =(INDEX(Input_disp_check!$P$65:$P$80, MATCH(B41,Input_disp_check!$B$65:$B$80,0)))/INDEX(profile_C!$K$6:$K$17,MATCH(E41, profile_C!$C$6:$C$17, 0)) -> 21.267434 | AD41: =(INDEX(Input_disp_check!$N$65:$N$80, MATCH(B41,Input_disp_check!$B$65:$B$80,0)))/INDEX(profile_C!$K$6:$K$17,MATCH(E41, profile_C!$C$6:$C$17, 0)) -> 5.3168584 | AE41: =0.6*Input_disp_check!$C$6 -> 165 | AF41: =(INDEX(Input_disp_check!$Q$65:$Q$80, MATCH(B41,Input_disp_check!$B$65:$B$80,0)))/INDEX(profile_C!$N$6:$N$17, MATCH(E41, profile_C!$C$6:$C$17, 0)) -> 59.904876 | AG41: =12*PI()^2*Input_disp_check!$C$8/(23*(G41*C41/INDEX(profile_C!$L$6:$L$17, MATCH(E41, profile_C!$C$6:$C$17, 0)))^2) -> 193.20514 | AH41: =12*PI()^2*Input_disp_check!$C$8/(23*(G41*C41/INDEX(profile_C!$O$6:$O$17, MATCH(E41, profile_C!$C$6:$C$17, 0)))^2) -> 21.57444 | AI41: 0.85 | AJ41: =(M41/L41)+(AI41*AD41/((1-M41/AG41)*AB41))+(AI41*AF41/((1-M41/AH41)*AE41)) -> 0.40632126 | AK41: =(M41/(0.6*Input_disp_check!$C$6))+(AD41/AB41)+(AF41/AE41) -> 0.40220314 | AL41: =(M41/L41)+(AD41/AB41)+(AF41/AE41) -> 0.4482062 | AM41: =IF(M41/L41<=0.15,AL41,MAX(AJ41,AK41)) -> 0.4482062 | AN41: =IF(AM41<=1,"OK","NG") -> OK | AO41: =(M41/L41)+(AI41*AC41/((1-M41/AG41)*AB41)) -> 0.16313378 | AP41: =(M41/(0.6*Input_disp_check!$C$6))+(AC41/AB41) -> 0.13581344 | AQ41: =(M41/L41)+(AC41/AB41) -> 0.1818165 | AR41: =IF(M41/L41<=0.15,AQ41,MAX(AO41,AP41)) -> 0.1818165 | AS41: =IF(AR41<=1,"OK","NG") -> OK | AT41: =MIN(0.4*Input_disp_check!$C$6,0.33*Input_disp_check!$C$7) -> 110 | AU41: =(INDEX(Input_disp_check!$I$65:$I$80, MATCH(B41,Input_disp_check!$B$65:$B$80,0)))/INDEX(profile_C!$T$6:$T$17, MATCH(E41, profile_C!$C$6:$C$17, 0)) -> 2.7581203 | AV41: =AU41/AT41 -> 0.025073821 | AW41: =IF(AV41<=1,"OK","NG") -> OK
B42: 2 | C42: =(INDEX(Input_disp_check!$C$65:$C$80, MATCH(B42,Input_disp_check!$B$65:$B$80,0))) -> 2500 | D42: =(INDEX(Input_disp_check!$D$65:$D$80, MATCH(B42,Input_disp_check!$B$65:$B$80,0))) -> C - | E42: =(INDEX(Input_disp_check!$E$65:$E$80, MATCH(B42,Input_disp_check!$B$65:$B$80,0))) -> 200 | F42: =SQRT(2*PI()^2*Input_disp_check!$C$8/Input_disp_check!$C$6) -> 122.7745 | G42: 2 | H42: =G42*C42/(INDEX(profile_C!$O$6:$O$17, MATCH(E42, profile_C!$C$6:$C$17, 0))) -> 186.56716 | I42: =IF(H42>200, "N.G","OK") -> OK | J42: =12*PI()^2*Input_disp_check!$C$8/(23*H42^2) -> 31.067194 | K42: =(1-H42^2/(2*F42^2))*Input_disp_check!$C$6 / ((5/3) + (3*H42/(8*F42))-(H42^3/(8*F42^3))) -> -23.644113 | L42: =IF(H42<F42,K42,J42) -> 31.067194 | M42: =(INDEX(Input_disp_check!$I$65:$I$80, MATCH(B42,Input_disp_check!$B$65:$B$80,0)))/(INDEX(profile_C!$H$6:$H$17, MATCH(E42, profile_C!$C$6:$C$17, 0))) -> 1.7761074 | N42: =IF(M42/Input_disp_check!$C$6<=0.16,"OK","Warning") -> OK | O42: =200*(INDEX(profile_C!$D$6:$D$17, MATCH(E42, profile_C!$C$6:$C$17, 0)))/SQRT(Input_disp_check!$C$6) -> 1085.4408 | P42: =138000/(E42/((INDEX(profile_C!$D$6:$D$17, MATCH(E42, profile_C!$C$6:$C$17, 0)))*(INDEX(profile_C!$F$6:$F$17, MATCH(E42, profile_C!$C$6:$C$17, 0))))*Input_disp_check!$C$6) -> 3048.5455 | Q42: =MIN(O42:P42) -> 1085.4408 | R42: =INDEX(profile_C!$I$6:$I$17, MATCH(E42, profile_C!$C$6:$C$17, 0)) -> 23.835893 | S42: =(C42)/R42 -> 104.88384 | T42: =(703.3*1000*V42/Input_disp_check!$C$6)^0.5 -> 50.571282 | U42: =(3516*1000*V42/Input_disp_check!$C$6)^0.5 -> 113.07278 | V42: 1 | W42: =MIN(0.66*Input_disp_check!$C$6, 0.55*Input_disp_check!$C$7) -> 181.5 | Z42: =MIN((82740*V42)/(C42*E42/INDEX(profile_C!$U$6:$U$17, MATCH(E42, profile_C!$C$6:$C$17, 0))), 0.6*Input_disp_check!$C$6) -> 165 | AA42: =MAX(IF(S42>=T42,IF(S42<=U42,X42,Y42), Z42),Z42) -> 165 | AB42: =IF(C42>Q42,AA42,W42) -> 165 | AC42: =(INDEX(Input_disp_check!$P$65:$P$80, MATCH(B42,Input_disp_check!$B$65:$B$80,0)))/INDEX(profile_C!$K$6:$K$17,MATCH(E42, profile_C!$C$6:$C$17, 0)) -> 28.94734 | AD42: =(INDEX(Input_disp_check!$N$65:$N$80, MATCH(B42,Input_disp_check!$B$65:$B$80,0)))/INDEX(profile_C!$K$6:$K$17,MATCH(E42, profile_C!$C$6:$C$17, 0)) -> 8.2706687 | AE42: =0.6*Input_disp_check!$C$6 -> 165 | AF42: =(INDEX(Input_disp_check!$Q$65:$Q$80, MATCH(B42,Input_disp_check!$B$65:$B$80,0)))/INDEX(profile_C!$N$6:$N$17, MATCH(E42, profile_C!$C$6:$C$17, 0)) -> 77.654468 | AG42: =12*PI()^2*Input_disp_check!$C$8/(23*(G42*C42/INDEX(profile_C!$L$6:$L$17, MATCH(E42, profile_C!$C$6:$C$17, 0)))^2) -> 278.21541 | AH42: =12*PI()^2*Input_disp_check!$C$8/(23*(G42*C42/INDEX(profile_C!$O$6:$O$17, MATCH(E42, profile_C!$C$6:$C$17, 0)))^2) -> 31.067194 | AI42: 0.85 | AJ42: =(M42/L42)+(AI42*AD42/((1-M42/AG42)*AB42))+(AI42*AF42/((1-M42/AH42)*AE42)) -> 0.52434515 | AK42: =(M42/(0.6*Input_disp_check!$C$6))+(AD42/AB42)+(AF42/AE42) -> 0.53152269 | AL42: =(M42/L42)+(AD42/AB42)+(AF42/AE42) -> 0.57792827 | AM42: =IF(M42/L42<=0.15,AL42,MAX(AJ42,AK42)) -> 0.57792827 | AN42: =IF(AM42<=1,"OK","NG") -> OK | AO42: =(M42/L42)+(AI42*AC42/((1-M42/AG42)*AB42)) -> 0.20725064 | AP42: =(M42/(0.6*Input_disp_check!$C$6))+(AC42/AB42) -> 0.18620271 | AQ42: =(M42/L42)+(AC42/AB42) -> 0.23260829 | AR42: =IF(M42/L42<=0.15,AQ42,MAX(AO42,AP42)) -> 0.23260829 | AS42: =IF(AR42<=1,"OK","NG") -> OK | AT42: =MIN(0.4*Input_disp_check!$C$6,0.33*Input_disp_check!$C$7) -> 110 | AU42: =(INDEX(Input_disp_check!$I$65:$I$80, MATCH(B42,Input_disp_check!$B$65:$B$80,0)))/INDEX(profile_C!$T$6:$T$17, MATCH(E42, profile_C!$C$6:$C$17, 0)) -> 4.2904094 | AV42: =AU42/AT42 -> 0.039003722 | AW42: =IF(AV42<=1,"OK","NG") -> OK
B43: 3 | C43: =(INDEX(Input_disp_check!$C$65:$C$80, MATCH(B43,Input_disp_check!$B$65:$B$80,0))) -> 2100 | D43: =(INDEX(Input_disp_check!$D$65:$D$80, MATCH(B43,Input_disp_check!$B$65:$B$80,0))) -> C - | E43: =(INDEX(Input_disp_check!$E$65:$E$80, MATCH(B43,Input_disp_check!$B$65:$B$80,0))) -> 150 | F43: =SQRT(2*PI()^2*Input_disp_check!$C$8/Input_disp_check!$C$6) -> 122.7745 | G43: 2 | H43: =G43*C43/(INDEX(profile_C!$O$6:$O$17, MATCH(E43, profile_C!$C$6:$C$17, 0))) -> 189.18919 | I43: =IF(H43>200, "N.G","OK") -> OK | J43: =12*PI()^2*Input_disp_check!$C$8/(23*H43^2) -> 30.212024 | K43: =(1-H43^2/(2*F43^2))*Input_disp_check!$C$6 / ((5/3) + (3*H43/(8*F43))-(H43^3/(8*F43^3))) -> -28.815142 | L43: =IF(H43<F43,K43,J43) -> 30.212024 | M43: =(INDEX(Input_disp_check!$I$65:$I$80, MATCH(B43,Input_disp_check!$B$65:$B$80,0)))/(INDEX(profile_C!$H$6:$H$17, MATCH(E43, profile_C!$C$6:$C$17, 0))) -> 1.6544327 | N43: =IF(M43/Input_disp_check!$C$6<=0.16,"OK","Warning") -> OK | O43: =200*(INDEX(profile_C!$D$6:$D$17, MATCH(E43, profile_C!$C$6:$C$17, 0)))/SQRT(Input_disp_check!$C$6) -> 904.53403 | P43: =138000/(E43/((INDEX(profile_C!$D$6:$D$17, MATCH(E43, profile_C!$C$6:$C$17, 0)))*(INDEX(profile_C!$F$6:$F$17, MATCH(E43, profile_C!$C$6:$C$17, 0))))*Input_disp_check!$C$6) -> 2509.0909 | Q43: =MIN(O43:P43) -> 904.53403 | R43: =INDEX(profile_C!$I$6:$I$17, MATCH(E43, profile_C!$C$6:$C$17, 0)) -> 19.879667 | S43: =(C43)/R43 -> 105.63557 | T43: =(703.3*1000*V43/Input_disp_check!$C$6)^0.5 -> 50.571282 | U43: =(3516*1000*V43/Input_disp_check!$C$6)^0.5 -> 113.07278 | V43: 1 | W43: =MIN(0.66*Input_disp_check!$C$6, 0.55*Input_disp_check!$C$7) -> 181.5 | Z43: =MIN((82740*V43)/(C43*E43/INDEX(profile_C!$U$6:$U$17, MATCH(E43, profile_C!$C$6:$C$17, 0))), 0.6*Input_disp_check!$C$6) -> 165 | AA43: =MAX(IF(S43>=T43,IF(S43<=U43,X43,Y43), Z43),Z43) -> 165 | AB43: =IF(C43>Q43,AA43,W43) -> 165 | AC43: =(INDEX(Input_disp_check!$P$65:$P$80, MATCH(B43,Input_disp_check!$B$65:$B$80,0)))/INDEX(profile_C!$K$6:$K$17,MATCH(E43, profile_C!$C$6:$C$17, 0)) -> 31.722381 | AD43: =(INDEX(Input_disp_check!$N$65:$N$80, MATCH(B43,Input_disp_check!$B$65:$B$80,0)))/INDEX(profile_C!$K$6:$K$17,MATCH(E43, profile_C!$C$6:$C$17, 0)) -> 10.233026 | AE43: =0.6*Input_disp_check!$C$6 -> 165 | AF43: =(INDEX(Input_disp_check!$Q$65:$Q$80, MATCH(B43,Input_disp_check!$B$65:$B$80,0)))/INDEX(profile_C!$N$6:$N$17, MATCH(E43, profile_C!$C$6:$C$17, 0)) -> 73.549875 | AG43: =12*PI()^2*Input_disp_check!$C$8/(23*(G43*C43/INDEX(profile_C!$L$6:$L$17, MATCH(E43, profile_C!$C$6:$C$17, 0)))^2) -> 222.89919 | AH43: =12*PI()^2*Input_disp_check!$C$8/(23*(G43*C43/INDEX(profile_C!$O$6:$O$17, MATCH(E43, profile_C!$C$6:$C$17, 0)))^2) -> 30.212024 | AI43: 0.85 | AJ43: =(M43/L43)+(AI43*AD43/((1-M43/AG43)*AB43))+(AI43*AF43/((1-M43/AH43)*AE43)) -> 0.50871432 | AK43: =(M43/(0.6*Input_disp_check!$C$6))+(AD43/AB43)+(AF43/AE43) -> 0.51780202 | AL43: =(M43/L43)+(AD43/AB43)+(AF43/AE43) -> 0.5625359 | AM43: =IF(M43/L43<=0.15,AL43,MAX(AJ43,AK43)) -> 0.5625359 | AN43: =IF(AM43<=1,"OK","NG") -> OK | AO43: =(M43/L43)+(AI43*AC43/((1-M43/AG43)*AB43)) -> 0.21940108 | AP43: =(M43/(0.6*Input_disp_check!$C$6))+(AC43/AB43) -> 0.20228372 | AQ43: =(M43/L43)+(AC43/AB43) -> 0.24701759 | AR43: =IF(M43/L43<=0.15,AQ43,MAX(AO43,AP43)) -> 0.24701759 | AS43: =IF(AR43<=1,"OK","NG") -> OK | AT43: =MIN(0.4*Input_disp_check!$C$6,0.33*Input_disp_check!$C$7) -> 110 | AU43: =(INDEX(Input_disp_check!$I$65:$I$80, MATCH(B43,Input_disp_check!$B$65:$B$80,0)))/INDEX(profile_C!$T$6:$T$17, MATCH(E43, profile_C!$C$6:$C$17, 0)) -> 4.023241 | AV43: =AU43/AT43 -> 0.036574918 | AW43: =IF(AV43<=1,"OK","NG") -> OK
B44: 4 | C44: =(INDEX(Input_disp_check!$C$65:$C$80, MATCH(B44,Input_disp_check!$B$65:$B$80,0))) -> 1900 | D44: =(INDEX(Input_disp_check!$D$65:$D$80, MATCH(B44,Input_disp_check!$B$65:$B$80,0))) -> C - | E44: =(INDEX(Input_disp_check!$E$65:$E$80, MATCH(B44,Input_disp_check!$B$65:$B$80,0))) -> 125 | F44: =SQRT(2*PI()^2*Input_disp_check!$C$8/Input_disp_check!$C$6) -> 122.7745 | G44: 2 | H44: =G44*C44/(INDEX(profile_C!$O$6:$O$17, MATCH(E44, profile_C!$C$6:$C$17, 0))) -> 200 | I44: =IF(H44>200, "N.G","OK") -> OK | J44: =12*PI()^2*Input_disp_check!$C$8/(23*H44^2) -> 27.034134 | K44: =(1-H44^2/(2*F44^2))*Input_disp_check!$C$6 / ((5/3) + (3*H44/(8*F44))-(H44^3/(8*F44^3))) -> -51.736864 | L44: =IF(H44<F44,K44,J44) -> 27.034134 | M44: =(INDEX(Input_disp_check!$I$65:$I$80, MATCH(B44,Input_disp_check!$B$65:$B$80,0)))/(INDEX(profile_C!$H$6:$H$17, MATCH(E44, profile_C!$C$6:$C$17, 0))) -> 1.4328828 | N44: =IF(M44/Input_disp_check!$C$6<=0.16,"OK","Warning") -> OK | O44: =200*(INDEX(profile_C!$D$6:$D$17, MATCH(E44, profile_C!$C$6:$C$17, 0)))/SQRT(Input_disp_check!$C$6) -> 783.9295 | P44: =138000/(E44/((INDEX(profile_C!$D$6:$D$17, MATCH(E44, profile_C!$C$6:$C$17, 0)))*(INDEX(profile_C!$F$6:$F$17, MATCH(E44, profile_C!$C$6:$C$17, 0))))*Input_disp_check!$C$6) -> 2087.5636 | Q44: =MIN(O44:P44) -> 783.9295 | R44: =INDEX(profile_C!$I$6:$I$17, MATCH(E44, profile_C!$C$6:$C$17, 0)) -> 17.076017 | S44: =(C44)/R44 -> 111.26717 | T44: =(703.3*1000*V44/Input_disp_check!$C$6)^0.5 -> 50.571282 | U44: =(3516*1000*V44/Input_disp_check!$C$6)^0.5 -> 113.07278 | V44: 1 | W44: =MIN(0.66*Input_disp_check!$C$6, 0.55*Input_disp_check!$C$7) -> 181.5 | Z44: =MIN((82740*V44)/(C44*E44/INDEX(profile_C!$U$6:$U$17, MATCH(E44, profile_C!$C$6:$C$17, 0))), 0.6*Input_disp_check!$C$6) -> 165 | AA44: =MAX(IF(S44>=T44,IF(S44<=U44,X44,Y44), Z44),Z44) -> 165 | AB44: =IF(C44>Q44,AA44,W44) -> 165 | AC44: =(INDEX(Input_disp_check!$P$65:$P$80, MATCH(B44,Input_disp_check!$B$65:$B$80,0)))/INDEX(profile_C!$K$6:$K$17,MATCH(E44, profile_C!$C$6:$C$17, 0)) -> 31.459386 | AD44: =(INDEX(Input_disp_check!$N$65:$N$80, MATCH(B44,Input_disp_check!$B$65:$B$80,0)))/INDEX(profile_C!$K$6:$K$17,MATCH(E44, profile_C!$C$6:$C$17, 0)) -> 10.848064 | AE44: =0.6*Input_disp_check!$C$6 -> 165 | AF44: =(INDEX(Input_disp_check!$Q$65:$Q$80, MATCH(B44,Input_disp_check!$B$65:$B$80,0)))/INDEX(profile_C!$N$6:$N$17, MATCH(E44, profile_C!$C$6:$C$17, 0)) -> 69.524757 | AG44: =12*PI()^2*Input_disp_check!$C$8/(23*(G44*C44/INDEX(profile_C!$L$6:$L$17, MATCH(E44, profile_C!$C$6:$C$17, 0)))^2) -> 185.72225 | AH44: =12*PI()^2*Input_disp_check!$C$8/(23*(G44*C44/INDEX(profile_C!$O$6:$O$17, MATCH(E44, profile_C!$C$6:$C$17, 0)))^2) -> 27.034134 | AI44: 0.85 | AJ44: =(M44/L44)+(AI44*AD44/((1-M44/AG44)*AB44))+(AI44*AF44/((1-M44/AH44)*AE44)) -> 0.48752487 | AK44: =(M44/(0.6*Input_disp_check!$C$6))+(AD44/AB44)+(AF44/AE44) -> 0.49579215 | AL44: =(M44/L44)+(AD44/AB44)+(AF44/AE44) -> 0.54011074 | AM44: =IF(M44/L44<=0.15,AL44,MAX(AJ44,AK44)) -> 0.54011074 | AN44: =IF(AM44<=1,"OK","NG") -> OK | AO44: =(M44/L44)+(AI44*AC44/((1-M44/AG44)*AB44)) -> 0.2163263 | AP44: =(M44/(0.6*Input_disp_check!$C$6))+(AC44/AB44) -> 0.19934708 | AQ44: =(M44/L44)+(AC44/AB44) -> 0.24366567 | AR44: =IF(M44/L44<=0.15,AQ44,MAX(AO44,AP44)) -> 0.24366567 | AS44: =IF(AR44<=1,"OK","NG") -> OK | AT44: =MIN(0.4*Input_disp_check!$C$6,0.33*Input_disp_check!$C$7) -> 110 | AU44: =(INDEX(Input_disp_check!$I$65:$I$80, MATCH(B44,Input_disp_check!$B$65:$B$80,0)))/INDEX(profile_C!$T$6:$T$17, MATCH(E44, profile_C!$C$6:$C$17, 0)) -> 3.2688833 | AV44: =AU44/AT44 -> 0.029717121 | AW44: =IF(AV44<=1,"OK","NG") -> OK
B45: 5 | C45: =(INDEX(Input_disp_check!$C$65:$C$80, MATCH(B45,Input_disp_check!$B$65:$B$80,0))) -> 1500 | D45: =(INDEX(Input_disp_check!$D$65:$D$80, MATCH(B45,Input_disp_check!$B$65:$B$80,0))) -> C - | E45: =(INDEX(Input_disp_check!$E$65:$E$80, MATCH(B45,Input_disp_check!$B$65:$B$80,0))) -> 150 | F45: =SQRT(2*PI()^2*Input_disp_check!$C$8/Input_disp_check!$C$6) -> 122.7745 | G45: 2 | H45: =G45*C45/(INDEX(profile_C!$O$6:$O$17, MATCH(E45, profile_C!$C$6:$C$17, 0))) -> 135.13514 | I45: =IF(H45>200, "N.G","OK") -> OK | J45: =12*PI()^2*Input_disp_check!$C$8/(23*H45^2) -> 59.215567 | K45: =(1-H45^2/(2*F45^2))*Input_disp_check!$C$6 / ((5/3) + (3*H45/(8*F45))-(H45^3/(8*F45^3))) -> 56.683127 | L45: =IF(H45<F45,K45,J45) -> 59.215567 | M45: =(INDEX(Input_disp_check!$I$65:$I$80, MATCH(B45,Input_disp_check!$B$65:$B$80,0)))/(INDEX(profile_C!$H$6:$H$17, MATCH(E45, profile_C!$C$6:$C$17, 0))) -> 2.6884532 | N45: =IF(M45/Input_disp_check!$C$6<=0.16,"OK","Warning") -> OK | O45: =200*(INDEX(profile_C!$D$6:$D$17, MATCH(E45, profile_C!$C$6:$C$17, 0)))/SQRT(Input_disp_check!$C$6) -> 904.53403 | P45: =138000/(E45/((INDEX(profile_C!$D$6:$D$17, MATCH(E45, profile_C!$C$6:$C$17, 0)))*(INDEX(profile_C!$F$6:$F$17, MATCH(E45, profile_C!$C$6:$C$17, 0))))*Input_disp_check!$C$6) -> 2509.0909 | Q45: =MIN(O45:P45) -> 904.53403 | R45: =INDEX(profile_C!$I$6:$I$17, MATCH(E45, profile_C!$C$6:$C$17, 0)) -> 19.879667 | S45: =(C45)/R45 -> 75.453982 | T45: =(703.3*1000*V45/Input_disp_check!$C$6)^0.5 -> 50.571282 | U45: =(3516*1000*V45/Input_disp_check!$C$6)^0.5 -> 113.07278 | V45: 1 | W45: =MIN(0.66*Input_disp_check!$C$6, 0.55*Input_disp_check!$C$7) -> 181.5 | Z45: =MIN((82740*V45)/(C45*E45/INDEX(profile_C!$U$6:$U$17, MATCH(E45, profile_C!$C$6:$C$17, 0))), 0.6*Input_disp_check!$C$6) -> 165 | AA45: =MAX(IF(S45>=T45,IF(S45<=U45,X45,Y45), Z45),Z45) -> 165 | AB45: =IF(C45>Q45,AA45,W45) -> 165 | AC45: =(INDEX(Input_disp_check!$P$65:$P$80, MATCH(B45,Input_disp_check!$B$65:$B$80,0)))/INDEX(profile_C!$K$6:$K$17,MATCH(E45, profile_C!$C$6:$C$17, 0)) -> 41.571668 | AD45: =(INDEX(Input_disp_check!$N$65:$N$80, MATCH(B45,Input_disp_check!$B$65:$B$80,0)))/INDEX(profile_C!$K$6:$K$17,MATCH(E45, profile_C!$C$6:$C$17, 0)) -> 16.628667 | AE45: =0.6*Input_disp_check!$C$6 -> 165 | AF45: =(INDEX(Input_disp_check!$Q$65:$Q$80, MATCH(B45,Input_disp_check!$B$65:$B$80,0)))/INDEX(profile_C!$N$6:$N$17, MATCH(E45, profile_C!$C$6:$C$17, 0)) -> 85.370391 | AG45: =12*PI()^2*Input_disp_check!$C$8/(23*(G45*C45/INDEX(profile_C!$L$6:$L$17, MATCH(E45, profile_C!$C$6:$C$17, 0)))^2) -> 436.88242 | AH45: =12*PI()^2*Input_disp_check!$C$8/(23*(G45*C45/INDEX(profile_C!$O$6:$O$17, MATCH(E45, profile_C!$C$6:$C$17, 0)))^2) -> 59.215567 | AI45: 0.85 | AJ45: =(M45/L45)+(AI45*AD45/((1-M45/AG45)*AB45))+(AI45*AF45/((1-M45/AH45)*AE45)) -> 0.59229767 | AK45: =(M45/(0.6*Input_disp_check!$C$6))+(AD45/AB45)+(AF45/AE45) -> 0.63446976 | AL45: =(M45/L45)+(AD45/AB45)+(AF45/AE45) -> 0.66357723 | AM45: =IF(M45/L45<=0.15,AL45,MAX(AJ45,AK45)) -> 0.66357723 | AN45: =IF(AM45<=1,"OK","NG") -> OK | AO45: =(M45/L45)+(AI45*AC45/((1-M45/AG45)*AB45)) -> 0.26088423 | AP45: =(M45/(0.6*Input_disp_check!$C$6))+(AC45/AB45) -> 0.26824316 | AQ45: =(M45/L45)+(AC45/AB45) -> 0.29735063 | AR45: =IF(M45/L45<=0.15,AQ45,MAX(AO45,AP45)) -> 0.29735063 | AS45: =IF(AR45<=1,"OK","NG") -> OK | AT45: =MIN(0.4*Input_disp_check!$C$6,0.33*Input_disp_check!$C$7) -> 110 | AU45: =(INDEX(Input_disp_check!$I$65:$I$80, MATCH(B45,Input_disp_check!$B$65:$B$80,0)))/INDEX(profile_C!$T$6:$T$17, MATCH(E45, profile_C!$C$6:$C$17, 0)) -> 6.5377667 | AV45: =AU45/AT45 -> 0.059434242 | AW45: =IF(AV45<=1,"OK","NG") -> OK | AY45: Stress govern : target 70%
B46: 6 | C46: =(INDEX(Input_disp_check!$C$65:$C$80, MATCH(B46,Input_disp_check!$B$65:$B$80,0))) -> 1500 | D46: =(INDEX(Input_disp_check!$D$65:$D$80, MATCH(B46,Input_disp_check!$B$65:$B$80,0))) -> C - | E46: =(INDEX(Input_disp_check!$E$65:$E$80, MATCH(B46,Input_disp_check!$B$65:$B$80,0))) -> 125 | F46: =SQRT(2*PI()^2*Input_disp_check!$C$8/Input_disp_check!$C$6) -> 122.7745 | G46: 2 | H46: =G46*C46/(INDEX(profile_C!$O$6:$O$17, MATCH(E46, profile_C!$C$6:$C$17, 0))) -> 157.89474 | I46: =IF(H46>200, "N.G","OK") -> OK | J46: =12*PI()^2*Input_disp_check!$C$8/(23*H46^2) -> 43.374766 | K46: =(1-H46^2/(2*F46^2))*Input_disp_check!$C$6 / ((5/3) + (3*H46/(8*F46))-(H46^3/(8*F46^3))) -> 25.269388 | L46: =IF(H46<F46,K46,J46) -> 43.374766 | M46: =(INDEX(Input_disp_check!$I$65:$I$80, MATCH(B46,Input_disp_check!$B$65:$B$80,0)))/(INDEX(profile_C!$H$6:$H$17, MATCH(E46, profile_C!$C$6:$C$17, 0))) -> 2.2926125 | N46: =IF(M46/Input_disp_check!$C$6<=0.16,"OK","Warning") -> OK | O46: =200*(INDEX(profile_C!$D$6:$D$17, MATCH(E46, profile_C!$C$6:$C$17, 0)))/SQRT(Input_disp_check!$C$6) -> 783.9295 | P46: =138000/(E46/((INDEX(profile_C!$D$6:$D$17, MATCH(E46, profile_C!$C$6:$C$17, 0)))*(INDEX(profile_C!$F$6:$F$17, MATCH(E46, profile_C!$C$6:$C$17, 0))))*Input_disp_check!$C$6) -> 2087.5636 | Q46: =MIN(O46:P46) -> 783.9295 | R46: =INDEX(profile_C!$I$6:$I$17, MATCH(E46, profile_C!$C$6:$C$17, 0)) -> 17.076017 | S46: =(C46)/R46 -> 87.842499 | T46: =(703.3*1000*V46/Input_disp_check!$C$6)^0.5 -> 50.571282 | U46: =(3516*1000*V46/Input_disp_check!$C$6)^0.5 -> 113.07278 | V46: 1 | W46: =MIN(0.66*Input_disp_check!$C$6, 0.55*Input_disp_check!$C$7) -> 181.5 | Z46: =MIN((82740*V46)/(C46*E46/INDEX(profile_C!$U$6:$U$17, MATCH(E46, profile_C!$C$6:$C$17, 0))), 0.6*Input_disp_check!$C$6) -> 165 | AA46: =MAX(IF(S46>=T46,IF(S46<=U46,X46,Y46), Z46),Z46) -> 165 | AB46: =IF(C46>Q46,AA46,W46) -> 165 | AC46: =(INDEX(Input_disp_check!$P$65:$P$80, MATCH(B46,Input_disp_check!$B$65:$B$80,0)))/INDEX(profile_C!$K$6:$K$17,MATCH(E46, profile_C!$C$6:$C$17, 0)) -> 43.392257 | AD46: =(INDEX(Input_disp_check!$N$65:$N$80, MATCH(B46,Input_disp_check!$B$65:$B$80,0)))/INDEX(profile_C!$K$6:$K$17,MATCH(E46, profile_C!$C$6:$C$17, 0)) -> 17.356903 | AE46: =0.6*Input_disp_check!$C$6 -> 165 | AF46: =(INDEX(Input_disp_check!$Q$65:$Q$80, MATCH(B46,Input_disp_check!$B$65:$B$80,0)))/INDEX(profile_C!$N$6:$N$17, MATCH(E46, profile_C!$C$6:$C$17, 0)) -> 87.820746 | AG46: =12*PI()^2*Input_disp_check!$C$8/(23*(G46*C46/INDEX(profile_C!$L$6:$L$17, MATCH(E46, profile_C!$C$6:$C$17, 0)))^2) -> 297.98104 | AH46: =12*PI()^2*Input_disp_check!$C$8/(23*(G46*C46/INDEX(profile_C!$O$6:$O$17, MATCH(E46, profile_C!$C$6:$C$17, 0)))^2) -> 43.374766 | AI46: 0.85 | AJ46: =(M46/L46)+(AI46*AD46/((1-M46/AG46)*AB46))+(AI46*AF46/((1-M46/AH46)*AE46)) -> 0.62062042 | AK46: =(M46/(0.6*Input_disp_check!$C$6))+(AD46/AB46)+(AF46/AE46) -> 0.65133492 | AL46: =(M46/L46)+(AD46/AB46)+(AF46/AE46) -> 0.6902962 | AM46: =IF(M46/L46<=0.15,AL46,MAX(AJ46,AK46)) -> 0.6902962 | AN46: =IF(AM46<=1,"OK","NG") -> OK | AO46: =(M46/L46)+(AI46*AC46/((1-M46/AG46)*AB46)) -> 0.27812495 | AP46: =(M46/(0.6*Input_disp_check!$C$6))+(AC46/AB46) -> 0.27687799 | AQ46: =(M46/L46)+(AC46/AB46) -> 0.31583928 | AR46: =IF(M46/L46<=0.15,AQ46,MAX(AO46,AP46)) -> 0.31583928 | AS46: =IF(AR46<=1,"OK","NG") -> OK | AT46: =MIN(0.4*Input_disp_check!$C$6,0.33*Input_disp_check!$C$7) -> 110 | AU46: =(INDEX(Input_disp_check!$I$65:$I$80, MATCH(B46,Input_disp_check!$B$65:$B$80,0)))/INDEX(profile_C!$T$6:$T$17, MATCH(E46, profile_C!$C$6:$C$17, 0)) -> 5.2302133 | AV46: =AU46/AT46 -> 0.047547394 | AW46: =IF(AV46<=1,"OK","NG") -> OK | AY46: Stress govern : target 70%
B47: 7 | C47: =(INDEX(Input_disp_check!$C$65:$C$80, MATCH(B47,Input_disp_check!$B$65:$B$80,0))) -> 1500 | D47: =(INDEX(Input_disp_check!$D$65:$D$80, MATCH(B47,Input_disp_check!$B$65:$B$80,0))) -> C - | E47: =(INDEX(Input_disp_check!$E$65:$E$80, MATCH(B47,Input_disp_check!$B$65:$B$80,0))) -> 100 | F47: =SQRT(2*PI()^2*Input_disp_check!$C$8/Input_disp_check!$C$6) -> 122.7745 | G47: 2 | H47: =G47*C47/(INDEX(profile_C!$O$6:$O$17, MATCH(E47, profile_C!$C$6:$C$17, 0))) -> 202.7027 | I47: =IF(H47>200, "N.G","OK") -> N.G | J47: =12*PI()^2*Input_disp_check!$C$8/(23*H47^2) -> 26.31803 | K47: =(1-H47^2/(2*F47^2))*Input_disp_check!$C$6 / ((5/3) + (3*H47/(8*F47))-(H47^3/(8*F47^3))) -> -57.916961 | L47: =IF(H47<F47,K47,J47) -> 26.31803 | M47: =(INDEX(Input_disp_check!$I$65:$I$80, MATCH(B47,Input_disp_check!$B$65:$B$80,0)))/(INDEX(profile_C!$H$6:$H$17, MATCH(E47, profile_C!$C$6:$C$17, 0))) -> 1.2340583 | N47: =IF(M47/Input_disp_check!$C$6<=0.16,"OK","Warning") -> OK | O47: =200*(INDEX(profile_C!$D$6:$D$17, MATCH(E47, profile_C!$C$6:$C$17, 0)))/SQRT(Input_disp_check!$C$6) -> 603.02269 | P47: =138000/(E47/((INDEX(profile_C!$D$6:$D$17, MATCH(E47, profile_C!$C$6:$C$17, 0)))*(INDEX(profile_C!$F$6:$F$17, MATCH(E47, profile_C!$C$6:$C$17, 0))))*Input_disp_check!$C$6) -> 1881.8182 | Q47: =MIN(O47:P47) -> 603.02269 | R47: =INDEX(profile_C!$I$6:$I$17, MATCH(E47, profile_C!$C$6:$C$17, 0)) -> 13.250081 | S47: =(C47)/R47 -> 113.20686 | T47: =(703.3*1000*V47/Input_disp_check!$C$6)^0.5 -> 50.571282 | U47: =(3516*1000*V47/Input_disp_check!$C$6)^0.5 -> 113.07278 | V47: 1 | W47: =MIN(0.66*Input_disp_check!$C$6, 0.55*Input_disp_check!$C$7) -> 181.5 | Z47: =MIN((82740*V47)/(C47*E47/INDEX(profile_C!$U$6:$U$17, MATCH(E47, profile_C!$C$6:$C$17, 0))), 0.6*Input_disp_check!$C$6) -> 165 | AA47: =MAX(IF(S47>=T47,IF(S47<=U47,X47,Y47), Z47),Z47) -> 165 | AB47: =IF(C47>Q47,AA47,W47) -> 165 | AC47: =(INDEX(Input_disp_check!$P$65:$P$80, MATCH(B47,Input_disp_check!$B$65:$B$80,0)))/INDEX(profile_C!$K$6:$K$17,MATCH(E47, profile_C!$C$6:$C$17, 0)) -> 29.341705 | AD47: =(INDEX(Input_disp_check!$N$65:$N$80, MATCH(B47,Input_disp_check!$B$65:$B$80,0)))/INDEX(profile_C!$K$6:$K$17,MATCH(E47, profile_C!$C$6:$C$17, 0)) -> 11.736682 | AE47: =0.6*Input_disp_check!$C$6 -> 165 | AF47: =(INDEX(Input_disp_check!$Q$65:$Q$80, MATCH(B47,Input_disp_check!$B$65:$B$80,0)))/INDEX(profile_C!$N$6:$N$17, MATCH(E47, profile_C!$C$6:$C$17, 0)) -> 58.683411 | AG47: =12*PI()^2*Input_disp_check!$C$8/(23*(G47*C47/INDEX(profile_C!$L$6:$L$17, MATCH(E47, profile_C!$C$6:$C$17, 0)))^2) -> 189.3699 | AH47: =12*PI()^2*Input_disp_check!$C$8/(23*(G47*C47/INDEX(profile_C!$O$6:$O$17, MATCH(E47, profile_C!$C$6:$C$17, 0)))^2) -> 26.31803 | AI47: 0.85 | AJ47: =(M47/L47)+(AI47*AD47/((1-M47/AG47)*AB47))+(AI47*AF47/((1-M47/AH47)*AE47)) -> 0.42492969 | AK47: =(M47/(0.6*Input_disp_check!$C$6))+(AD47/AB47)+(AF47/AE47) -> 0.43426758 | AL47: =(M47/L47)+(AD47/AB47)+(AF47/AE47) -> 0.47367867 | AM47: =IF(M47/L47<=0.15,AL47,MAX(AJ47,AK47)) -> 0.47367867 | AN47: =IF(AM47<=1,"OK","NG") -> OK | AO47: =(M47/L47)+(AI47*AC47/((1-M47/AG47)*AB47)) -> 0.19903595 | AP47: =(M47/(0.6*Input_disp_check!$C$6))+(AC47/AB47) -> 0.18530766 | AQ47: =(M47/L47)+(AC47/AB47) -> 0.22471874 | AR47: =IF(M47/L47<=0.15,AQ47,MAX(AO47,AP47)) -> 0.22471874 | AS47: =IF(AR47<=1,"OK","NG") -> OK | AT47: =MIN(0.4*Input_disp_check!$C$6,0.33*Input_disp_check!$C$7) -> 110 | AU47: =(INDEX(Input_disp_check!$I$65:$I$80, MATCH(B47,Input_disp_check!$B$65:$B$80,0)))/INDEX(profile_C!$T$6:$T$17, MATCH(E47, profile_C!$C$6:$C$17, 0)) -> 2.941995 | AV47: =AU47/AT47 -> 0.026745409 | AW47: =IF(AV47<=1,"OK","NG") -> OK | AY47: 세장비 say OK
B48: 8 | C48: =(INDEX(Input_disp_check!$C$65:$C$80, MATCH(B48,Input_disp_check!$B$65:$B$80,0))) -> 1000 | D48: =(INDEX(Input_disp_check!$D$65:$D$80, MATCH(B48,Input_disp_check!$B$65:$B$80,0))) -> C - | E48: =(INDEX(Input_disp_check!$E$65:$E$80, MATCH(B48,Input_disp_check!$B$65:$B$80,0))) -> 150 | F48: =SQRT(2*PI()^2*Input_disp_check!$C$8/Input_disp_check!$C$6) -> 122.7745 | G48: 2 | H48: =G48*C48/(INDEX(profile_C!$O$6:$O$17, MATCH(E48, profile_C!$C$6:$C$17, 0))) -> 90.09009 | I48: =IF(H48>200, "N.G","OK") -> OK | J48: =12*PI()^2*Input_disp_check!$C$8/(23*H48^2) -> 133.23502 | K48: =(1-H48^2/(2*F48^2))*Input_disp_check!$C$6 / ((5/3) + (3*H48/(8*F48))-(H48^3/(8*F48^3))) -> 106.19281 | L48: =IF(H48<F48,K48,J48) -> 106.19281 | M48: =(INDEX(Input_disp_check!$I$65:$I$80, MATCH(B48,Input_disp_check!$B$65:$B$80,0)))/(INDEX(profile_C!$H$6:$H$17, MATCH(E48, profile_C!$C$6:$C$17, 0))) -> 3.9292777 | N48: =IF(M48/Input_disp_check!$C$6<=0.16,"OK","Warning") -> OK | O48: =200*(INDEX(profile_C!$D$6:$D$17, MATCH(E48, profile_C!$C$6:$C$17, 0)))/SQRT(Input_disp_check!$C$6) -> 904.53403 | P48: =138000/(E48/((INDEX(profile_C!$D$6:$D$17, MATCH(E48, profile_C!$C$6:$C$17, 0)))*(INDEX(profile_C!$F$6:$F$17, MATCH(E48, profile_C!$C$6:$C$17, 0))))*Input_disp_check!$C$6) -> 2509.0909 | Q48: =MIN(O48:P48) -> 904.53403 | R48: =INDEX(profile_C!$I$6:$I$17, MATCH(E48, profile_C!$C$6:$C$17, 0)) -> 19.879667 | S48: =(C48)/R48 -> 50.302655 | T48: =(703.3*1000*V48/Input_disp_check!$C$6)^0.5 -> 50.571282 | U48: =(3516*1000*V48/Input_disp_check!$C$6)^0.5 -> 113.07278 | V48: 1 | W48: =MIN(0.66*Input_disp_check!$C$6, 0.55*Input_disp_check!$C$7) -> 181.5 | Z48: =MIN((82740*V48)/(C48*E48/INDEX(profile_C!$U$6:$U$17, MATCH(E48, profile_C!$C$6:$C$17, 0))), 0.6*Input_disp_check!$C$6) -> 165 | AA48: =MAX(IF(S48>=T48,IF(S48<=U48,X48,Y48), Z48),Z48) -> 165 | AB48: =IF(C48>Q48,AA48,W48) -> 165 | AC48: =(INDEX(Input_disp_check!$P$65:$P$80, MATCH(B48,Input_disp_check!$B$65:$B$80,0)))/INDEX(profile_C!$K$6:$K$17,MATCH(E48, profile_C!$C$6:$C$17, 0)) -> 48.606874 | AD48: =(INDEX(Input_disp_check!$N$65:$N$80, MATCH(B48,Input_disp_check!$B$65:$B$80,0)))/INDEX(profile_C!$K$6:$K$17,MATCH(E48, profile_C!$C$6:$C$17, 0)) -> 24.303437 | AE48: =0.6*Input_disp_check!$C$6 -> 165 | AF48: =(INDEX(Input_disp_check!$Q$65:$Q$80, MATCH(B48,Input_disp_check!$B$65:$B$80,0)))/INDEX(profile_C!$N$6:$N$17, MATCH(E48, profile_C!$C$6:$C$17, 0)) -> 83.181406 | AG48: =12*PI()^2*Input_disp_check!$C$8/(23*(G48*C48/INDEX(profile_C!$L$6:$L$17, MATCH(E48, profile_C!$C$6:$C$17, 0)))^2) -> 982.98544 | AH48: =12*PI()^2*Input_disp_check!$C$8/(23*(G48*C48/INDEX(profile_C!$O$6:$O$17, MATCH(E48, profile_C!$C$6:$C$17, 0)))^2) -> 133.23502 | AI48: 0.85 | AJ48: =(M48/L48)+(AI48*AD48/((1-M48/AG48)*AB48))+(AI48*AF48/((1-M48/AH48)*AE48)) -> 0.60423497 | AK48: =(M48/(0.6*Input_disp_check!$C$6))+(AD48/AB48)+(AF48/AE48) -> 0.6752371 | AL48: =(M48/L48)+(AD48/AB48)+(AF48/AE48) -> 0.68842465 | AM48: =IF(M48/L48<=0.15,AL48,MAX(AJ48,AK48)) -> 0.68842465 | AN48: =IF(AM48<=1,"OK","NG") -> OK | AO48: =(M48/L48)+(AI48*AC48/((1-M48/AG48)*AB48)) -> 0.28840534 | AP48: =(M48/(0.6*Input_disp_check!$C$6))+(AC48/AB48) -> 0.31840092 | AQ48: =(M48/L48)+(AC48/AB48) -> 0.33158847 | AR48: =IF(M48/L48<=0.15,AQ48,MAX(AO48,AP48)) -> 0.33158847 | AS48: =IF(AR48<=1,"OK","NG") -> OK | AT48: =MIN(0.4*Input_disp_check!$C$6,0.33*Input_disp_check!$C$7) -> 110 | AU48: =(INDEX(Input_disp_check!$I$65:$I$80, MATCH(B48,Input_disp_check!$B$65:$B$80,0)))/INDEX(profile_C!$T$6:$T$17, MATCH(E48, profile_C!$C$6:$C$17, 0)) -> 9.5551974 | AV48: =AU48/AT48 -> 0.086865431 | AW48: =IF(AV48<=1,"OK","NG") -> OK | AY48: Stress govern : target 70%
B49: 9 | C49: =(INDEX(Input_disp_check!$C$65:$C$80, MATCH(B49,Input_disp_check!$B$65:$B$80,0))) -> 1000 | D49: =(INDEX(Input_disp_check!$D$65:$D$80, MATCH(B49,Input_disp_check!$B$65:$B$80,0))) -> C - | E49: =(INDEX(Input_disp_check!$E$65:$E$80, MATCH(B49,Input_disp_check!$B$65:$B$80,0))) -> 125 | F49: =SQRT(2*PI()^2*Input_disp_check!$C$8/Input_disp_check!$C$6) -> 122.7745 | G49: 2 | H49: =G49*C49/(INDEX(profile_C!$O$6:$O$17, MATCH(E49, profile_C!$C$6:$C$17, 0))) -> 105.26316 | I49: =IF(H49>200, "N.G","OK") -> OK | J49: =12*PI()^2*Input_disp_check!$C$8/(23*H49^2) -> 97.593223 | K49: =(1-H49^2/(2*F49^2))*Input_disp_check!$C$6 / ((5/3) + (3*H49/(8*F49))-(H49^3/(8*F49^3))) -> 91.089356 | L49: =IF(H49<F49,K49,J49) -> 91.089356 | M49: =(INDEX(Input_disp_check!$I$65:$I$80, MATCH(B49,Input_disp_check!$B$65:$B$80,0)))/(INDEX(profile_C!$H$6:$H$17, MATCH(E49, profile_C!$C$6:$C$17, 0))) -> 3.1523422 | N49: =IF(M49/Input_disp_check!$C$6<=0.16,"OK","Warning") -> OK | O49: =200*(INDEX(profile_C!$D$6:$D$17, MATCH(E49, profile_C!$C$6:$C$17, 0)))/SQRT(Input_disp_check!$C$6) -> 783.9295 | P49: =138000/(E49/((INDEX(profile_C!$D$6:$D$17, MATCH(E49, profile_C!$C$6:$C$17, 0)))*(INDEX(profile_C!$F$6:$F$17, MATCH(E49, profile_C!$C$6:$C$17, 0))))*Input_disp_check!$C$6) -> 2087.5636 | Q49: =MIN(O49:P49) -> 783.9295 | R49: =INDEX(profile_C!$I$6:$I$17, MATCH(E49, profile_C!$C$6:$C$17, 0)) -> 17.076017 | S49: =(C49)/R49 -> 58.561666 | T49: =(703.3*1000*V49/Input_disp_check!$C$6)^0.5 -> 50.571282 | U49: =(3516*1000*V49/Input_disp_check!$C$6)^0.5 -> 113.07278 | V49: 1 | W49: =MIN(0.66*Input_disp_check!$C$6, 0.55*Input_disp_check!$C$7) -> 181.5 | Z49: =MIN((82740*V49)/(C49*E49/INDEX(profile_C!$U$6:$U$17, MATCH(E49, profile_C!$C$6:$C$17, 0))), 0.6*Input_disp_check!$C$6) -> 165 | AA49: =MAX(IF(S49>=T49,IF(S49<=U49,X49,Y49), Z49),Z49) -> 165 | AB49: =IF(C49>Q49,AA49,W49) -> 165 | AC49: =(INDEX(Input_disp_check!$P$65:$P$80, MATCH(B49,Input_disp_check!$B$65:$B$80,0)))/INDEX(profile_C!$K$6:$K$17,MATCH(E49, profile_C!$C$6:$C$17, 0)) -> 47.731482 | AD49: =(INDEX(Input_disp_check!$N$65:$N$80, MATCH(B49,Input_disp_check!$B$65:$B$80,0)))/INDEX(profile_C!$K$6:$K$17,MATCH(E49, profile_C!$C$6:$C$17, 0)) -> 23.865741 | AE49: =0.6*Input_disp_check!$C$6 -> 165 | AF49: =(INDEX(Input_disp_check!$Q$65:$Q$80, MATCH(B49,Input_disp_check!$B$65:$B$80,0)))/INDEX(profile_C!$N$6:$N$17, MATCH(E49, profile_C!$C$6:$C$17, 0)) -> 80.502351 | AG49: =12*PI()^2*Input_disp_check!$C$8/(23*(G49*C49/INDEX(profile_C!$L$6:$L$17, MATCH(E49, profile_C!$C$6:$C$17, 0)))^2) -> 670.45733 | AH49: =12*PI()^2*Input_disp_check!$C$8/(23*(G49*C49/INDEX(profile_C!$O$6:$O$17, MATCH(E49, profile_C!$C$6:$C$17, 0)))^2) -> 97.593223 | AI49: 0.85 | AJ49: =(M49/L49)+(AI49*AD49/((1-M49/AG49)*AB49))+(AI49*AF49/((1-M49/AH49)*AE49)) -> 0.58668431 | AK49: =(M49/(0.6*Input_disp_check!$C$6))+(AD49/AB49)+(AF49/AE49) -> 0.65163899 | AL49: =(M49/L49)+(AD49/AB49)+(AF49/AE49) -> 0.66714103 | AM49: =IF(M49/L49<=0.15,AL49,MAX(AJ49,AK49)) -> 0.66714103 | AN49: =IF(AM49<=1,"OK","NG") -> OK | AO49: =(M49/L49)+(AI49*AC49/((1-M49/AG49)*AB49)) -> 0.28165817 | AP49: =(M49/(0.6*Input_disp_check!$C$6))+(AC49/AB49) -> 0.30838682 | AQ49: =(M49/L49)+(AC49/AB49) -> 0.32388885 | AR49: =IF(M49/L49<=0.15,AQ49,MAX(AO49,AP49)) -> 0.32388885 | AS49: =IF(AR49<=1,"OK","NG") -> OK | AT49: =MIN(0.4*Input_disp_check!$C$6,0.33*Input_disp_check!$C$7) -> 110 | AU49: =(INDEX(Input_disp_check!$I$65:$I$80, MATCH(B49,Input_disp_check!$B$65:$B$80,0)))/INDEX(profile_C!$T$6:$T$17, MATCH(E49, profile_C!$C$6:$C$17, 0)) -> 7.1915433 | AV49: =AU49/AT49 -> 0.065377667 | AW49: =IF(AV49<=1,"OK","NG") -> OK | AY49: Stress govern : target 70%
B50: 10 | C50: =(INDEX(Input_disp_check!$C$65:$C$80, MATCH(B50,Input_disp_check!$B$65:$B$80,0))) -> 1000 | D50: =(INDEX(Input_disp_check!$D$65:$D$80, MATCH(B50,Input_disp_check!$B$65:$B$80,0))) -> C - | E50: =(INDEX(Input_disp_check!$E$65:$E$80, MATCH(B50,Input_disp_check!$B$65:$B$80,0))) -> 100 | F50: =SQRT(2*PI()^2*Input_disp_check!$C$8/Input_disp_check!$C$6) -> 122.7745 | G50: 2 | H50: =G50*C50/(INDEX(profile_C!$O$6:$O$17, MATCH(E50, profile_C!$C$6:$C$17, 0))) -> 135.13514 | I50: =IF(H50>200, "N.G","OK") -> OK | J50: =12*PI()^2*Input_disp_check!$C$8/(23*H50^2) -> 59.215567 | K50: =(1-H50^2/(2*F50^2))*Input_disp_check!$C$6 / ((5/3) + (3*H50/(8*F50))-(H50^3/(8*F50^3))) -> 56.683127 | L50: =IF(H50<F50,K50,J50) -> 59.215567 | M50: =(INDEX(Input_disp_check!$I$65:$I$80, MATCH(B50,Input_disp_check!$B$65:$B$80,0)))/(INDEX(profile_C!$H$6:$H$17, MATCH(E50, profile_C!$C$6:$C$17, 0))) -> 2.4681166 | N50: =IF(M50/Input_disp_check!$C$6<=0.16,"OK","Warning") -> OK | O50: =200*(INDEX(profile_C!$D$6:$D$17, MATCH(E50, profile_C!$C$6:$C$17, 0)))/SQRT(Input_disp_check!$C$6) -> 603.02269 | P50: =138000/(E50/((INDEX(profile_C!$D$6:$D$17, MATCH(E50, profile_C!$C$6:$C$17, 0)))*(INDEX(profile_C!$F$6:$F$17, MATCH(E50, profile_C!$C$6:$C$17, 0))))*Input_disp_check!$C$6) -> 1881.8182 | Q50: =MIN(O50:P50) -> 603.02269 | R50: =INDEX(profile_C!$I$6:$I$17, MATCH(E50, profile_C!$C$6:$C$17, 0)) -> 13.250081 | S50: =(C50)/R50 -> 75.471238 | T50: =(703.3*1000*V50/Input_disp_check!$C$6)^0.5 -> 50.571282 | U50: =(3516*1000*V50/Input_disp_check!$C$6)^0.5 -> 113.07278 | V50: 1 | W50: =MIN(0.66*Input_disp_check!$C$6, 0.55*Input_disp_check!$C$7) -> 181.5 | Z50: =MIN((82740*V50)/(C50*E50/INDEX(profile_C!$U$6:$U$17, MATCH(E50, profile_C!$C$6:$C$17, 0))), 0.6*Input_disp_check!$C$6) -> 165 | AA50: =MAX(IF(S50>=T50,IF(S50<=U50,X50,Y50), Z50),Z50) -> 165 | AB50: =IF(C50>Q50,AA50,W50) -> 165 | AC50: =(INDEX(Input_disp_check!$P$65:$P$80, MATCH(B50,Input_disp_check!$B$65:$B$80,0)))/INDEX(profile_C!$K$6:$K$17,MATCH(E50, profile_C!$C$6:$C$17, 0)) -> 46.946729 | AD50: =(INDEX(Input_disp_check!$N$65:$N$80, MATCH(B50,Input_disp_check!$B$65:$B$80,0)))/INDEX(profile_C!$K$6:$K$17,MATCH(E50, profile_C!$C$6:$C$17, 0)) -> 23.473364 | AE50: =0.6*Input_disp_check!$C$6 -> 165 | AF50: =(INDEX(Input_disp_check!$Q$65:$Q$80, MATCH(B50,Input_disp_check!$B$65:$B$80,0)))/INDEX(profile_C!$N$6:$N$17, MATCH(E50, profile_C!$C$6:$C$17, 0)) -> 78.244548 | AG50: =12*PI()^2*Input_disp_check!$C$8/(23*(G50*C50/INDEX(profile_C!$L$6:$L$17, MATCH(E50, profile_C!$C$6:$C$17, 0)))^2) -> 426.08228 | AH50: =12*PI()^2*Input_disp_check!$C$8/(23*(G50*C50/INDEX(profile_C!$O$6:$O$17, MATCH(E50, profile_C!$C$6:$C$17, 0)))^2) -> 59.215567 | AI50: 0.85 | AJ50: =(M50/L50)+(AI50*AD50/((1-M50/AG50)*AB50))+(AI50*AF50/((1-M50/AH50)*AE50)) -> 0.58391717 | AK50: =(M50/(0.6*Input_disp_check!$C$6))+(AD50/AB50)+(AF50/AE50) -> 0.63143048 | AL50: =(M50/L50)+(AD50/AB50)+(AF50/AE50) -> 0.65815239 | AM50: =IF(M50/L50<=0.15,AL50,MAX(AJ50,AK50)) -> 0.65815239 | AN50: =IF(AM50<=1,"OK","NG") -> OK | AO50: =(M50/L50)+(AI50*AC50/((1-M50/AG50)*AB50)) -> 0.28493606 | AP50: =(M50/(0.6*Input_disp_check!$C$6))+(AC50/AB50) -> 0.29948391 | AQ50: =(M50/L50)+(AC50/AB50) -> 0.32620583 | AR50: =IF(M50/L50<=0.15,AQ50,MAX(AO50,AP50)) -> 0.32620583 | AS50: =IF(AR50<=1,"OK","NG") -> OK | AT50: =MIN(0.4*Input_disp_check!$C$6,0.33*Input_disp_check!$C$7) -> 110 | AU50: =(INDEX(Input_disp_check!$I$65:$I$80, MATCH(B50,Input_disp_check!$B$65:$B$80,0)))/INDEX(profile_C!$T$6:$T$17, MATCH(E50, profile_C!$C$6:$C$17, 0)) -> 5.88399 | AV50: =AU50/AT50 -> 0.053490818 | AW50: =IF(AV50<=1,"OK","NG") -> OK | AY50: Stress govern : target 70%
B51: 11 | C51: =(INDEX(Input_disp_check!$C$65:$C$80, MATCH(B51,Input_disp_check!$B$65:$B$80,0))) -> 500 | D51: =(INDEX(Input_disp_check!$D$65:$D$80, MATCH(B51,Input_disp_check!$B$65:$B$80,0))) -> C - | E51: =(INDEX(Input_disp_check!$E$65:$E$80, MATCH(B51,Input_disp_check!$B$65:$B$80,0))) -> 150 | F51: =SQRT(2*PI()^2*Input_disp_check!$C$8/Input_disp_check!$C$6) -> 122.7745 | G51: 2 | H51: =G51*C51/(INDEX(profile_C!$O$6:$O$17, MATCH(E51, profile_C!$C$6:$C$17, 0))) -> 45.045045 | I51: =IF(H51>200, "N.G","OK") -> OK | J51: =12*PI()^2*Input_disp_check!$C$8/(23*H51^2) -> 532.9401 | K51: =(1-H51^2/(2*F51^2))*Input_disp_check!$C$6 / ((5/3) + (3*H51/(8*F51))-(H51^3/(8*F51^3))) -> 142.64738 | L51: =IF(H51<F51,K51,J51) -> 142.64738 | M51: =(INDEX(Input_disp_check!$I$65:$I$80, MATCH(B51,Input_disp_check!$B$65:$B$80,0)))/(INDEX(profile_C!$H$6:$H$17, MATCH(E51, profile_C!$C$6:$C$17, 0))) -> 6.6177309 | N51: =IF(M51/Input_disp_check!$C$6<=0.16,"OK","Warning") -> OK | O51: =200*(INDEX(profile_C!$D$6:$D$17, MATCH(E51, profile_C!$C$6:$C$17, 0)))/SQRT(Input_disp_check!$C$6) -> 904.53403 | P51: =138000/(E51/((INDEX(profile_C!$D$6:$D$17, MATCH(E51, profile_C!$C$6:$C$17, 0)))*(INDEX(profile_C!$F$6:$F$17, MATCH(E51, profile_C!$C$6:$C$17, 0))))*Input_disp_check!$C$6) -> 2509.0909 | Q51: =MIN(O51:P51) -> 904.53403 | R51: =INDEX(profile_C!$I$6:$I$17, MATCH(E51, profile_C!$C$6:$C$17, 0)) -> 19.879667 | S51: =(C51)/R51 -> 25.151327 | T51: =(703.3*1000*V51/Input_disp_check!$C$6)^0.5 -> 50.571282 | U51: =(3516*1000*V51/Input_disp_check!$C$6)^0.5 -> 113.07278 | V51: 1 | W51: =MIN(0.66*Input_disp_check!$C$6, 0.55*Input_disp_check!$C$7) -> 181.5 | Z51: =MIN((82740*V51)/(C51*E51/INDEX(profile_C!$U$6:$U$17, MATCH(E51, profile_C!$C$6:$C$17, 0))), 0.6*Input_disp_check!$C$6) -> 165 | AA51: =MAX(IF(S51>=T51,IF(S51<=U51,X51,Y51), Z51),Z51) -> 165 | AB51: =IF(C51>Q51,AA51,W51) -> 181.5 | AC51: =(INDEX(Input_disp_check!$P$65:$P$80, MATCH(B51,Input_disp_check!$B$65:$B$80,0)))/INDEX(profile_C!$K$6:$K$17,MATCH(E51, profile_C!$C$6:$C$17, 0)) -> 61.398157 | AD51: =(INDEX(Input_disp_check!$N$65:$N$80, MATCH(B51,Input_disp_check!$B$65:$B$80,0)))/INDEX(profile_C!$K$6:$K$17,MATCH(E51, profile_C!$C$6:$C$17, 0)) -> 40.932104 | AE51: =0.6*Input_disp_check!$C$6 -> 165 | AF51: =(INDEX(Input_disp_check!$Q$65:$Q$80, MATCH(B51,Input_disp_check!$B$65:$B$80,0)))/INDEX(profile_C!$N$6:$N$17, MATCH(E51, profile_C!$C$6:$C$17, 0)) -> 70.0475 | AG51: =12*PI()^2*Input_disp_check!$C$8/(23*(G51*C51/INDEX(profile_C!$L$6:$L$17, MATCH(E51, profile_C!$C$6:$C$17, 0)))^2) -> 3931.9417 | AH51: =12*PI()^2*Input_disp_check!$C$8/(23*(G51*C51/INDEX(profile_C!$O$6:$O$17, MATCH(E51, profile_C!$C$6:$C$17, 0)))^2) -> 532.9401 | AI51: 0.85 | AJ51: =(M51/L51)+(AI51*AD51/((1-M51/AG51)*AB51))+(AI51*AF51/((1-M51/AH51)*AE51)) -> 0.60379639 | AK51: =(M51/(0.6*Input_disp_check!$C$6))+(AD51/AB51)+(AF51/AE51) -> 0.690159 | AL51: =(M51/L51)+(AD51/AB51)+(AF51/AE51) -> 0.69644377 | AM51: =IF(M51/L51<=0.15,AL51,MAX(AJ51,AK51)) -> 0.69644377 | AN51: =IF(AM51<=1,"OK","NG") -> OK | AO51: =(M51/L51)+(AI51*AC51/((1-M51/AG51)*AB51)) -> 0.33441658 | AP51: =(M51/(0.6*Input_disp_check!$C$6))+(AC51/AB51) -> 0.37838931 | AQ51: =(M51/L51)+(AC51/AB51) -> 0.38467409 | AR51: =IF(M51/L51<=0.15,AQ51,MAX(AO51,AP51)) -> 0.38467409 | AS51: =IF(AR51<=1,"OK","NG") -> OK | AT51: =MIN(0.4*Input_disp_check!$C$6,0.33*Input_disp_check!$C$7) -> 110 | AU51: =(INDEX(Input_disp_check!$I$65:$I$80, MATCH(B51,Input_disp_check!$B$65:$B$80,0)))/INDEX(profile_C!$T$6:$T$17, MATCH(E51, profile_C!$C$6:$C$17, 0)) -> 16.092964 | AV51: =AU51/AT51 -> 0.14629967 | AW51: =IF(AV51<=1,"OK","NG") -> OK | AY51: Stress govern : target 70%
B52: 12 | C52: =(INDEX(Input_disp_check!$C$65:$C$80, MATCH(B52,Input_disp_check!$B$65:$B$80,0))) -> 500 | D52: =(INDEX(Input_disp_check!$D$65:$D$80, MATCH(B52,Input_disp_check!$B$65:$B$80,0))) -> C - | E52: =(INDEX(Input_disp_check!$E$65:$E$80, MATCH(B52,Input_disp_check!$B$65:$B$80,0))) -> 125 | F52: =SQRT(2*PI()^2*Input_disp_check!$C$8/Input_disp_check!$C$6) -> 122.7745 | G52: 2 | H52: =G52*C52/(INDEX(profile_C!$O$6:$O$17, MATCH(E52, profile_C!$C$6:$C$17, 0))) -> 52.631579 | I52: =IF(H52>200, "N.G","OK") -> OK | J52: =12*PI()^2*Input_disp_check!$C$8/(23*H52^2) -> 390.37289 | K52: =(1-H52^2/(2*F52^2))*Input_disp_check!$C$6 / ((5/3) + (3*H52/(8*F52))-(H52^3/(8*F52^3))) -> 137.39811 | L52: =IF(H52<F52,K52,J52) -> 137.39811 | M52: =(INDEX(Input_disp_check!$I$65:$I$80, MATCH(B52,Input_disp_check!$B$65:$B$80,0)))/(INDEX(profile_C!$H$6:$H$17, MATCH(E52, profile_C!$C$6:$C$17, 0))) -> 5.4449547 | N52: =IF(M52/Input_disp_check!$C$6<=0.16,"OK","Warning") -> OK | O52: =200*(INDEX(profile_C!$D$6:$D$17, MATCH(E52, profile_C!$C$6:$C$17, 0)))/SQRT(Input_disp_check!$C$6) -> 783.9295 | P52: =138000/(E52/((INDEX(profile_C!$D$6:$D$17, MATCH(E52, profile_C!$C$6:$C$17, 0)))*(INDEX(profile_C!$F$6:$F$17, MATCH(E52, profile_C!$C$6:$C$17, 0))))*Input_disp_check!$C$6) -> 2087.5636 | Q52: =MIN(O52:P52) -> 783.9295 | R52: =INDEX(profile_C!$I$6:$I$17, MATCH(E52, profile_C!$C$6:$C$17, 0)) -> 17.076017 | S52: =(C52)/R52 -> 29.280833 | T52: =(703.3*1000*V52/Input_disp_check!$C$6)^0.5 -> 50.571282 | U52: =(3516*1000*V52/Input_disp_check!$C$6)^0.5 -> 113.07278 | V52: 1 | W52: =MIN(0.66*Input_disp_check!$C$6, 0.55*Input_disp_check!$C$7) -> 181.5 | Z52: =MIN((82740*V52)/(C52*E52/INDEX(profile_C!$U$6:$U$17, MATCH(E52, profile_C!$C$6:$C$17, 0))), 0.6*Input_disp_check!$C$6) -> 165 | AA52: =MAX(IF(S52>=T52,IF(S52<=U52,X52,Y52), Z52),Z52) -> 165 | AB52: =IF(C52>Q52,AA52,W52) -> 181.5 | AC52: =(INDEX(Input_disp_check!$P$65:$P$80, MATCH(B52,Input_disp_check!$B$65:$B$80,0)))/INDEX(profile_C!$K$6:$K$17,MATCH(E52, profile_C!$C$6:$C$17, 0)) -> 61.833966 | AD52: =(INDEX(Input_disp_check!$N$65:$N$80, MATCH(B52,Input_disp_check!$B$65:$B$80,0)))/INDEX(profile_C!$K$6:$K$17,MATCH(E52, profile_C!$C$6:$C$17, 0)) -> 41.222644 | AE52: =0.6*Input_disp_check!$C$6 -> 165 | AF52: =(INDEX(Input_disp_check!$Q$65:$Q$80, MATCH(B52,Input_disp_check!$B$65:$B$80,0)))/INDEX(profile_C!$N$6:$N$17, MATCH(E52, profile_C!$C$6:$C$17, 0)) -> 69.524757 | AG52: =12*PI()^2*Input_disp_check!$C$8/(23*(G52*C52/INDEX(profile_C!$L$6:$L$17, MATCH(E52, profile_C!$C$6:$C$17, 0)))^2) -> 2681.8293 | AH52: =12*PI()^2*Input_disp_check!$C$8/(23*(G52*C52/INDEX(profile_C!$O$6:$O$17, MATCH(E52, profile_C!$C$6:$C$17, 0)))^2) -> 390.37289 | AI52: 0.85 | AJ52: =(M52/L52)+(AI52*AD52/((1-M52/AG52)*AB52))+(AI52*AF52/((1-M52/AH52)*AE52)) -> 0.59629962 | AK52: =(M52/(0.6*Input_disp_check!$C$6))+(AD52/AB52)+(AF52/AE52) -> 0.6814839 | AL52: =(M52/L52)+(AD52/AB52)+(AF52/AE52) -> 0.68811321 | AM52: =IF(M52/L52<=0.15,AL52,MAX(AJ52,AK52)) -> 0.68811321 | AN52: =IF(AM52<=1,"OK","NG") -> OK | AO52: =(M52/L52)+(AI52*AC52/((1-M52/AG52)*AB52)) -> 0.32979873 | AP52: =(M52/(0.6*Input_disp_check!$C$6))+(AC52/AB52) -> 0.37368273 | AQ52: =(M52/L52)+(AC52/AB52) -> 0.38031204 | AR52: =IF(M52/L52<=0.15,AQ52,MAX(AO52,AP52)) -> 0.38031204 | AS52: =IF(AR52<=1,"OK","NG") -> OK | AT52: =MIN(0.4*Input_disp_check!$C$6,0.33*Input_disp_check!$C$7) -> 110 | AU52: =(INDEX(Input_disp_check!$I$65:$I$80, MATCH(B52,Input_disp_check!$B$65:$B$80,0)))/INDEX(profile_C!$T$6:$T$17, MATCH(E52, profile_C!$C$6:$C$17, 0)) -> 12.421757 | AV52: =AU52/AT52 -> 0.11292506 | AW52: =IF(AV52<=1,"OK","NG") -> OK | AY52: Stress govern : target 70%
B53: 13 | C53: =(INDEX(Input_disp_check!$C$65:$C$80, MATCH(B53,Input_disp_check!$B$65:$B$80,0))) -> 500 | D53: =(INDEX(Input_disp_check!$D$65:$D$80, MATCH(B53,Input_disp_check!$B$65:$B$80,0))) -> C - | E53: =(INDEX(Input_disp_check!$E$65:$E$80, MATCH(B53,Input_disp_check!$B$65:$B$80,0))) -> 100 | F53: =SQRT(2*PI()^2*Input_disp_check!$C$8/Input_disp_check!$C$6) -> 122.7745 | G53: 2 | H53: =G53*C53/(INDEX(profile_C!$O$6:$O$17, MATCH(E53, profile_C!$C$6:$C$17, 0))) -> 67.567568 | I53: =IF(H53>200, "N.G","OK") -> OK | J53: =12*PI()^2*Input_disp_check!$C$8/(23*H53^2) -> 236.86227 | K53: =(1-H53^2/(2*F53^2))*Input_disp_check!$C$6 / ((5/3) + (3*H53/(8*F53))-(H53^3/(8*F53^3))) -> 125.98744 | L53: =IF(H53<F53,K53,J53) -> 125.98744 | M53: =(INDEX(Input_disp_check!$I$65:$I$80, MATCH(B53,Input_disp_check!$B$65:$B$80,0)))/(INDEX(profile_C!$H$6:$H$17, MATCH(E53, profile_C!$C$6:$C$17, 0))) -> 4.1135277 | N53: =IF(M53/Input_disp_check!$C$6<=0.16,"OK","Warning") -> OK | O53: =200*(INDEX(profile_C!$D$6:$D$17, MATCH(E53, profile_C!$C$6:$C$17, 0)))/SQRT(Input_disp_check!$C$6) -> 603.02269 | P53: =138000/(E53/((INDEX(profile_C!$D$6:$D$17, MATCH(E53, profile_C!$C$6:$C$17, 0)))*(INDEX(profile_C!$F$6:$F$17, MATCH(E53, profile_C!$C$6:$C$17, 0))))*Input_disp_check!$C$6) -> 1881.8182 | Q53: =MIN(O53:P53) -> 603.02269 | R53: =INDEX(profile_C!$I$6:$I$17, MATCH(E53, profile_C!$C$6:$C$17, 0)) -> 13.250081 | S53: =(C53)/R53 -> 37.735619 | T53: =(703.3*1000*V53/Input_disp_check!$C$6)^0.5 -> 50.571282 | U53: =(3516*1000*V53/Input_disp_check!$C$6)^0.5 -> 113.07278 | V53: 1 | W53: =MIN(0.66*Input_disp_check!$C$6, 0.55*Input_disp_check!$C$7) -> 181.5 | Z53: =MIN((82740*V53)/(C53*E53/INDEX(profile_C!$U$6:$U$17, MATCH(E53, profile_C!$C$6:$C$17, 0))), 0.6*Input_disp_check!$C$6) -> 165 | AA53: =MAX(IF(S53>=T53,IF(S53<=U53,X53,Y53), Z53),Z53) -> 165 | AB53: =IF(C53>Q53,AA53,W53) -> 181.5 | AC53: =(INDEX(Input_disp_check!$P$65:$P$80, MATCH(B53,Input_disp_check!$B$65:$B$80,0)))/INDEX(profile_C!$K$6:$K$17,MATCH(E53, profile_C!$C$6:$C$17, 0)) -> 58.683411 | AD53: =(INDEX(Input_disp_check!$N$65:$N$80, MATCH(B53,Input_disp_check!$B$65:$B$80,0)))/INDEX(profile_C!$K$6:$K$17,MATCH(E53, profile_C!$C$6:$C$17, 0)) -> 39.122274 | AE53: =0.6*Input_disp_check!$C$6 -> 165 | AF53: =(INDEX(Input_disp_check!$Q$65:$Q$80, MATCH(B53,Input_disp_check!$B$65:$B$80,0)))/INDEX(profile_C!$N$6:$N$17, MATCH(E53, profile_C!$C$6:$C$17, 0)) -> 65.20379 | AG53: =12*PI()^2*Input_disp_check!$C$8/(23*(G53*C53/INDEX(profile_C!$L$6:$L$17, MATCH(E53, profile_C!$C$6:$C$17, 0)))^2) -> 1704.3291 | AH53: =12*PI()^2*Input_disp_check!$C$8/(23*(G53*C53/INDEX(profile_C!$O$6:$O$17, MATCH(E53, profile_C!$C$6:$C$17, 0)))^2) -> 236.86227 | AI53: 0.85 | AJ53: =(M53/L53)+(AI53*AD53/((1-M53/AG53)*AB53))+(AI53*AF53/((1-M53/AH53)*AE53)) -> 0.55814571 | AK53: =(M53/(0.6*Input_disp_check!$C$6))+(AD53/AB53)+(AF53/AE53) -> 0.63565467 | AL53: =(M53/L53)+(AD53/AB53)+(AF53/AE53) -> 0.6433745 | AM53: =IF(M53/L53<=0.15,AL53,MAX(AJ53,AK53)) -> 0.6433745 | AN53: =IF(AM53<=1,"OK","NG") -> OK | AO53: =(M53/L53)+(AI53*AC53/((1-M53/AG53)*AB53)) -> 0.30814111 | AP53: =(M53/(0.6*Input_disp_check!$C$6))+(AC53/AB53) -> 0.34825505 | AQ53: =(M53/L53)+(AC53/AB53) -> 0.35597488 | AR53: =IF(M53/L53<=0.15,AQ53,MAX(AO53,AP53)) -> 0.35597488 | AS53: =IF(AR53<=1,"OK","NG") -> OK | AT53: =MIN(0.4*Input_disp_check!$C$6,0.33*Input_disp_check!$C$7) -> 110 | AU53: =(INDEX(Input_disp_check!$I$65:$I$80, MATCH(B53,Input_disp_check!$B$65:$B$80,0)))/INDEX(profile_C!$T$6:$T$17, MATCH(E53, profile_C!$C$6:$C$17, 0)) -> 9.80665 | AV53: =AU53/AT53 -> 0.089151364 | AW53: =IF(AV53<=1,"OK","NG") -> OK | AY53: Stress govern : target 70%
B57: Note
B58: 1. | C58: Nomenclature : ASME BPVC.III.1.NF-2025, NF 3300 기준임.
B59: 2. | C59: 상기 ASME code 의 철골 설계법은 AISC : ADS 89 (steel construction manual 9th) 와 거의 동일함.
B60: 3. | C60: Supprt 철골 self weight 는 무시함.
B61: 4. | C61: Bending, Axial force 는 기둥 , Shear force 는 Beam 이 govern 하여 해당 부재로 검토함. Torsion force 는 미미하고 설계 code 에 지정되지 않으므로 검토 생략함.
B62: 5. | C62: 유효좌굴길이 K : cantilever 기둥 2
B63: 6. | C63: Cb : 휨응력에서 unbraced length 가 긴 경우 모멘트 반전에 허용응력에 비례 하는 값으로, T-support 류에는 1을 적용함. (Cb may conservatively be taken as 1 for cantilever beams. /AISC & ASME)
B64: 7. | C64: Cm : 조합응력 에 적용하는 계수로, 클수록 보수 적임. T-support 는 sidesway 가 있는 것으로 보고 0.85 적용가능하며, 보수적으로 1로 적용 가능. (for compression members in frames subject to joint translation(sidesway), Cm=0.85)
B65: 8. | C65: fa/Fb < 0.15 인 경우 Combined stress ratio 3만 적용 가능함. (Result 수식에 기 반영)
B66: 9. | C66: All compact section 에 해당하는 수식 적용 함. (section_H 참고)
B67: 10. | C67: fa/Sy 가 0.16 초과 시 web 에 대한 compact section 판정 기준이 달라지므로 주의 (section_H note 1. 참고)
B68: 11. | C68: Channel 부재는 약축 휨강성이 비대칭이므로, 해석 & 자동 설계와 비교할 때는 해석에서 약축에 대해 양방향 횡하중 고려가 필요함.
B69: 12. | C69: Channel 부재의 약축 휨 규정은 ASME BPVC.III.1.NF-2025, NF 3300 및 AISC ASD 89 에 명확하지 않음. 따라서 최소 값인 AISC ASD 89 F2-2 수식 적용함.
C70: ASME BPVC.III.1.NF-2025, NF 3300, NF-3322.1 (d). (5) 참고

Sheet profile_H
A1: MEMEBR PROPERTY ( H - SHAPE )
I3: (Note4) | P3: (Note3) | R3: (Note1) | S3: (Note2)
A4: MARK | B4: DESIGNATION | C4: MEMBER SIZE | G4: WEIGHT | H4: AREA | I4: rc | J4: Ix | K4: Sx | L4: rx | M4: Iy | N4: Sy | O4: ry | P4: J | Q4: Compact 판정 | R4: Compact 판정 | S4: Web h/tw 판정 | T4: Web 면적 | U4: Af | V4: REMARK
C5: d | D5: bf | E5: tw | F5: tf | G5: (N/mm) | H5: (mm2) | I5: (mm) | J5: (mm4) | K5: (mm3) | L5: (mm) | M5: (mm4) | N5: (mm3) | O5: (mm) | P5: (mm4) | Q5: Flange | R5: Web | S5: (380/sqrt(Fy)) (996.6/sqrt(Fy)) | T5: (Depth * tw) | U5: (mm2)
B6: H-100X100X6X8 | C6: 100 | D6: 100 | E6: 6 | F6: 8 | G6: 0.16867438 | H6: 2190 | I6: =((((F6*D6^3/12) + (((0.5*C6-F6)/3)*E6^3/12))/(D6*F6 + E6*(0.5*C6-F6)/3))^0.5) -> 27.466942 | J6: 3830000 | K6: 765000 | L6: 41.8 | M6: 1340000 | N6: 26700 | O6: 24.7 | P6: 40200 | Q6: =IF(D6/2/F6<=170*SQRT(Input_disp_check!$C$6),"Compact","noncompact") -> Compact | R6: =IF(C6/E6<=((1680/Input_disp_check!$C$6^0.5)*(1-3.74*0.16)),"Compact","non Compact") -> Compact | S6: =IF(((C6-2*F6)/E6)<=(999.6*SQRT(Input_disp_check!$C$6)),"OK","Warning") -> OK | T6: =C6*E6 -> 600 | U6: =D6*F6 -> 800
B7: H-125X125X6.5X9 | C7: 125 | D7: 125 | E7: 6.5 | F7: 9 | G7: 0.23339827 | H7: 3031 | I7: =((((F7*D7^3/12) + (((0.5*C7-F7)/3)*E7^3/12))/(D7*F7 + E7*(0.5*C7-F7)/3))^0.5) -> 34.362506 | J7: 8470000 | K7: 136000 | L7: 52.9 | M7: 2930000 | N7: 47000 | O7: 31.1 | P7: 70500 | Q7: =IF(D7/2/F7<=170*SQRT(Input_disp_check!$C$6),"Compact","noncompact") -> Compact | R7: =IF(C7/E7<=((1680/Input_disp_check!$C$6^0.5)*(1-3.74*0.16)),"Compact","non Compact") -> Compact | S7: =IF(((C7-2*F7)/E7)<=(999.6*SQRT(Input_disp_check!$C$6)),"OK","Warning") -> OK | T7: =C7*E7 -> 812.5 | U7: =D7*F7 -> 1125
B8: H-150X150X7X10 | C8: 150 | D8: 150 | E8: 7 | F8: 10 | G8: 0.3087 | H8: 4014 | I8: =((((F8*D8^3/12) + (((0.5*C8-F8)/3)*E8^3/12))/(D8*F8 + E8*(0.5*C8-F8)/3))^0.5) -> 41.269848 | J8: 16400000 | K8: 219000 | L8: 63.9 | M8: 5630000 | N8: 75100 | O8: 37.5 | P8: 115000 | Q8: =IF(D8/2/F8<=170*SQRT(Input_disp_check!$C$6),"Compact","noncompact") -> Compact | R8: =IF(C8/E8<=((1680/Input_disp_check!$C$6^0.5)*(1-3.74*0.16)),"Compact","non Compact") -> Compact | S8: =IF(((C8-2*F8)/E8)<=(999.6*SQRT(Input_disp_check!$C$6)),"OK","Warning") -> OK | T8: =C8*E8 -> 1050 | U8: =D8*F8 -> 1500
B9: H-194X150X6X9 | C9: 194 | D9: 150 | E9: 6 | F9: 9 | G9: =30.6*9.80665/1000 -> 0.30008349 | H9: 3901 | I9: =((((F9*D9^3/12) + (((0.5*C9-F9)/3)*E9^3/12))/(D9*F9 + E9*(0.5*C9-F9)/3))^0.5) -> 40.731982 | J9: 26900000 | K9: 277000 | L9: 83 | M9: 5070000 | N9: 67600 | O9: 36.1 | P9: 85600 | Q9: =IF(D9/2/F9<=170*SQRT(Input_disp_check!$C$6),"Compact","noncompact") -> Compact | R9: =IF(C9/E9<=((1680/Input_disp_check!$C$6^0.5)*(1-3.74*0.16)),"Compact","non Compact") -> Compact | S9: =IF(((C9-2*F9)/E9)<=(999.6*SQRT(Input_disp_check!$C$6)),"OK","Warning") -> OK | T9: =C9*E9 -> 1164 | U9: =D9*F9 -> 1350
B10: H-200X200X8X12 | C10: 200 | D10: 200 | E10: 8 | F10: 12 | G10: 0.48935184 | H10: 6353 | I10: =((((F10*D10^3/12) + (((0.5*C10-F10)/3)*E10^3/12))/(D10*F10 + E10*(0.5*C10-F10)/3))^0.5) -> 55.108187 | J10: 47200000 | K10: 472000 | L10: 86.2 | M10: 16000000 | N10: 160000 | O10: 50.2 | P10: 260000 | Q10: =IF(D10/2/F10<=170*SQRT(Input_disp_check!$C$6),"Compact","noncompact") -> Compact | R10: =IF(C10/E10<=((1680/Input_disp_check!$C$6^0.5)*(1-3.74*0.16)),"Compact","non Compact") -> Compact | S10: =IF(((C10-2*F10)/E10)<=(999.6*SQRT(Input_disp_check!$C$6)),"OK","Warning") -> OK | T10: =C10*E10 -> 1600 | U10: =D10*F10 -> 2400
B11: H-250X250X9X14 | C11: 250 | D11: 250 | E11: 9 | F11: 14 | G11: =72.4*9.80665/1000 -> 0.71000146 | H11: 9218 | I11: =((((F11*D11^3/12) + (((0.5*C11-F11)/3)*E11^3/12))/(D11*F11 + E11*(0.5*C11-F11)/3))^0.5) -> 68.966911 | J11: 108000000 | K11: 867000 | L11: 108 | M11: 36500000 | N11: 292000 | O11: 62.9 | P11: 511000 | Q11: =IF(D11/2/F11<=170*SQRT(Input_disp_check!$C$6),"Compact","noncompact") -> Compact | R11: =IF(C11/E11<=((1680/Input_disp_check!$C$6^0.5)*(1-3.74*0.16)),"Compact","non Compact") -> Compact | S11: =IF(((C11-2*F11)/E11)<=(999.6*SQRT(Input_disp_check!$C$6)),"OK","Warning") -> OK | T11: =C11*E11 -> 2250 | U11: =D11*F11 -> 3500
B12: H-300X300X10X15 | C12: 300 | D12: 300 | E12: 10 | F12: 15 | G12: =94*9.80665/1000 -> 0.9218251 | H12: 11980 | I12: =((((F12*D12^3/12) + (((0.5*C12-F12)/3)*E12^3/12))/(D12*F12 + E12*(0.5*C12-F12)/3))^0.5) -> 82.57687 | J12: 204000000 | K12: 1360000 | L12: 131 | M12: 67500000 | N12: 450000 | O12: 75.1 | P12: 765000 | Q12: =IF(D12/2/F12<=170*SQRT(Input_disp_check!$C$6),"Compact","noncompact") -> Compact | R12: =IF(C12/E12<=((1680/Input_disp_check!$C$6^0.5)*(1-3.74*0.16)),"Compact","non Compact") -> Compact | S12: =IF(((C12-2*F12)/E12)<=(999.6*SQRT(Input_disp_check!$C$6)),"OK","Warning") -> OK | T12: =C12*E12 -> 3000 | U12: =D12*F12 -> 4500
B13: H-350X350X12X19 | C13: 350 | D13: 350 | E13: 12 | F13: 19 | G13: =137*9.80665/1000 -> 1.343511 | H13: 17390 | I13: =((((F13*D13^3/12) + (((0.5*C13-F13)/3)*E13^3/12))/(D13*F13 + E13*(0.5*C13-F13)/3))^0.5) -> 96.610771 | J13: 403000000 | K13: 2300000 | L13: 152 | M13: 136000000 | N13: 776000 | O13: 88.4 | P13: 1780000 | Q13: =IF(D13/2/F13<=170*SQRT(Input_disp_check!$C$6),"Compact","noncompact") -> Compact | R13: =IF(C13/E13<=((1680/Input_disp_check!$C$6^0.5)*(1-3.74*0.16)),"Compact","non Compact") -> Compact | S13: =IF(((C13-2*F13)/E13)<=(999.6*SQRT(Input_disp_check!$C$6)),"OK","Warning") -> OK | T13: =C13*E13 -> 4200 | U13: =D13*F13 -> 6650
B14: H-400X400X13X21 | C14: 400 | D14: 400 | E14: 13 | F14: 21 | G14: =172*9.80665/1000 -> 1.6867438 | H14: 21870 | I14: =((((F14*D14^3/12) + (((0.5*C14-F14)/3)*E14^3/12))/(D14*F14 + E14*(0.5*C14-F14)/3))^0.5) -> 110.48705 | J14: 666000000 | K14: 3330000 | L14: 175 | M14: 224000000 | N14: 1120000 | O14: 101 | P14: 2730000 | Q14: =IF(D14/2/F14<=170*SQRT(Input_disp_check!$C$6),"Compact","noncompact") -> Compact | R14: =IF(C14/E14<=((1680/Input_disp_check!$C$6^0.5)*(1-3.74*0.16)),"Compact","non Compact") -> Compact | S14: =IF(((C14-2*F14)/E14)<=(999.6*SQRT(Input_disp_check!$C$6)),"OK","Warning") -> OK | T14: =C14*E14 -> 5200 | U14: =D14*F14 -> 8400
A22: Note1. web 부 compact 판정 시 fa/Sy = 0.16으로 가정 (보수적), 단 stress check 시 축압축 응력 ratio fa/Sy > 0.16 인경우 web 의 compact section 판정 수식 변경 필요함.
A24: Note2. 허용전단응력도, AISC ASD 89 F4-1, F4-2 판정에 주의. h/tw <= 380/sqrt(Fy), SI 996.6/sqrt(Fy) 를 만족하는 수식 (F4-1) 적용이 base 임.
A25: 배관 T-support 에는 대부분 만족함. 주로 Built up deep beam 사용 시 주의 ( ASME BPVC.III.1.NF-2025, NF 3322.1 (b) 에는 해당 내용이 없음)
A27: Note3. 비틀림 상수. H 형강의 : 1/3 (h x tw^3+ 2 x b x tf^3, H 는 상하 플랜지 중심거리. 본 table 은 midas gen 과 비교검증을 위해 동일한 계수 사용함 (round-off)
A29: Note4. 압축플랜지 + 압축 web height (net) /3 의 약축에 대한 단면2차 반경. AISC ASD 89 에서 rT

Sheet profile_C
A1: MEMEBR PROPERTY ( Channel )
I3: (Note4) | P3: (Note3) | R3: (Note1) | S3: (Note2)
A4: MARK | B4: DESIGNATION | C4: MEMBER SIZE | G4: WEIGHT | H4: AREA | I4: rc | J4: Ix | K4: Sx | L4: rx | M4: Iy | N4: Sy | O4: ry | P4: J | Q4: Compact 판정 | R4: Compact 판정 | S4: Web h/tw 판정 | T4: Web 면적 | U4: Af | V4: REMARK
C5: d | D5: bf | E5: tw | F5: tf | G5: (N/mm) | H5: (mm2) | I5: (mm) | J5: (mm4) | K5: (mm3) | L5: (mm) | M5: (mm4) | N5: (mm3) | O5: (mm) | P5: (mm4) | Q5: Flange | R5: Web | S5: (380/sqrt(Fy)) (996.6/sqrt(Fy)) | T5: (Depth * tw) | U5: (mm2) | AA5: J
B6: C-100X50X5X7.5 | C6: 100 | D6: 50 | E6: 5 | F6: 7.5 | G6: =9.36*9.80665/1000 -> 0.091790244 | H6: =11.92*100 -> 1192 | I6: =((((F6*D6^3/12) + (((0.5*C6-F6)/3)*E6^3/12))/(D6*F6 + E6*(0.5*C6-F6)/3))^0.5) -> 13.250081 | J6: =1.88*10^6 -> 1880000 | K6: 37600 | L6: 39.7 | M6: 260000 | N6: 7520 | O6: 14.8 | P6: =1.721354*10^4 -> 17213.54 | Q6: =IF(D6/2/F6<=170*SQRT(Input_disp_check!$C$6),"Compact","noncompact") -> Compact | R6: =IF(C6/E6<=((1680/Input_disp_check!$C$6^0.5)*(1-3.74*0.16)),"Compact","non Compact") -> Compact | S6: =IF(((C6-2*F6)/E6)<=(999.6*SQRT(Input_disp_check!$C$6)),"OK","Warning") -> OK | T6: =C6*E6 -> 500 | U6: =D6*F6 -> 375 | X6: =J6/(C6*0.5) -> 37600 | Y6: =M6/(D6-Z6) -> 7514.4509 | Z6: 15.4 | AA6: =6.064916*10^4 -> 60649.16
B7: C-125X65x6x8 | C7: 125 | D7: 65 | E7: 6 | F7: 8 | G7: =13.4*9.80665/1000 -> 0.13140911 | H7: =17.11*100 -> 1711 | I7: =((((F7*D7^3/12) + (((0.5*C7-F7)/3)*E7^3/12))/(D7*F7 + E7*(0.5*C7-F7)/3))^0.5) -> 17.076017 | J7: 4240000 | K7: 67800 | L7: 49.8 | M7: 618000 | N7: 13400 | O7: 19 | P7: =29586.66 -> 29586.66 | Q7: =IF(D7/2/F7<=170*SQRT(Input_disp_check!$C$6),"Compact","noncompact") -> Compact | R7: =IF(C7/E7<=((1680/Input_disp_check!$C$6^0.5)*(1-3.74*0.16)),"Compact","non Compact") -> Compact | S7: =IF(((C7-2*F7)/E7)<=(999.6*SQRT(Input_disp_check!$C$6)),"OK","Warning") -> OK | T7: =C7*E7 -> 750 | U7: =D7*F7 -> 520 | X7: =J7/(C7*0.5) -> 67840 | Y7: =M7/(D7-Z7) -> 13434.783 | Z7: 19
B8: C-150x75x6.5x10 | C8: 150 | D8: 75 | E8: 6.5 | F8: 10 | G8: =18.6*9.80665/1000 -> 0.18240369 | H8: =23.71*100 -> 2371 | I8: =((((F8*D8^3/12) + (((0.5*C8-F8)/3)*E8^3/12))/(D8*F8 + E8*(0.5*C8-F8)/3))^0.5) -> 19.879667 | J8: 8610000 | K8: 115000 | L8: 60.3 | M8: 1170000 | N8: 22400 | O8: 22.2 | P8: =6.064916*10^4 -> 60649.16 | Q8: =IF(D8/2/F8<=170*SQRT(Input_disp_check!$C$6),"Compact","noncompact") -> Compact | R8: =IF(C8/E8<=((1680/Input_disp_check!$C$6^0.5)*(1-3.74*0.16)),"Compact","non Compact") -> Compact | S8: =IF(((C8-2*F8)/E8)<=(999.6*SQRT(Input_disp_check!$C$6)),"OK","Warning") -> OK | T8: =C8*E8 -> 975 | U8: =D8*F8 -> 750 | X8: =J8/(C8*0.5) -> 114800 | Y8: =M8/(D8-Z8) -> 22413.793 | Z8: 22.8
B9: C-200x90x8x13.5 | C9: 200 | D9: 90 | E9: 8 | F9: 13.5 | G9: =30.3*9.80665/1000 -> 0.29714149 | H9: =38.65*100 -> 3865 | I9: =((((F9*D9^3/12) + (((0.5*C9-F9)/3)*E9^3/12))/(D9*F9 + E9*(0.5*C9-F9)/3))^0.5) -> 23.835893 | J9: 24900000 | K9: 249000 | L9: 80.2 | M9: 2770000 | N9: 44200 | O9: 26.8 | P9: 172890.8 | Q9: =IF(D9/2/F9<=170*SQRT(Input_disp_check!$C$6),"Compact","noncompact") -> Compact | R9: =IF(C9/E9<=((1680/Input_disp_check!$C$6^0.5)*(1-3.74*0.16)),"Compact","non Compact") -> Compact | S9: =IF(((C9-2*F9)/E9)<=(999.6*SQRT(Input_disp_check!$C$6)),"OK","Warning") -> OK | T9: =C9*E9 -> 1600 | U9: =D9*F9 -> 1215 | X9: =J9/(C9*0.5) -> 249000 | Y9: =M9/(D9-Z9) -> 44249.201 | Z9: 27.4
A25: Note1. web 부 compact 판정 시 fa/Sy = 0.16으로 가정 (보수적), 단 stress check 시 축압축 응력 ratio fa/Sy > 0.16 인경우 web 의 compact section 판정 수식 변경 필요함.
A27: Note2. 허용전단응력도, AISC ASD 89 F4-1, F4-2 판정에 주의. h/tw <= 380/sqrt(Fy), SI 996.6/sqrt(Fy) 를 만족하는 수식 (F4-1) 적용이 base 임.
A28: 배관 T-support 에는 대부분 만족함. 주로 Built up deep beam 사용 시 주의 ( ASME BPVC.III.1.NF-2025, NF 3322.1 (b) 에는 해당 내용이 없음)
A30: Note3. 비틀림 상수. H 형강의 : 1/3 (h x tw^3+ 2 x b x tf^3, H 는 상하 플랜지 중심거리. 본 table 은 midas gen 과 비교검증을 위해 동일한 계수 사용함 (round-off)
A32: Note4. 압축플랜지 + 압축 web height (net) /3 의 약축에 대한 단면2차 반경. AISC ASD 89 에서 rT
J34: 9.80665

Sheet profile_L
A1: MEMEBR PROPERTY ( Single angle )
I3: (Note4) | P3: (Note3) | V3: (Note1)
A4: MARK | B4: DESIGNATION | C4: MEMBER SIZE | G4: WEIGHT | H4: AREA | I4: rc | J4: Ix | K4: Sx | L4: rx | M4: Iy | N4: Sy | O4: ry | P4: J | Q4: Web 면적 | R4: b/t | S4: 171/sqrt(Sy) | T4: 200/sqrt(Sy) | U4: 407/sqrt(Sy) | V4: Q 검토 | W4: Cx (Cy) | X4: e' | Y4: ro^2 | Z4: Fej | AA4: I_max | AB4: I_min | AC4: r_max | AD4: r_min | AH4: REMARK | AJ4: J (by 2bt^3/3) | AK4: J (by At^2/3)
C5: d | D5: b | E5: t1 | F5: t2 | G5: (N/mm) | H5: (mm2) | I5: (mm) | J5: (mm4) | K5: (mm3) | L5: (mm) | M5: (mm4) | N5: (mm3) | O5: (mm) | P5: (mm4) | Q5: (Depth * tw) | Z5: (Mpa) | AA5: (mm4) | AB5: (mm4)
B6: L- 50 x 50 x 6 | C6: 50 | D6: 50 | E6: 6 | F6: 6 | G6: =4.43*9.80665/1000 -> 0.043443459 | H6: =5.644*100 -> 564.4 | J6: =12.6*10^4 -> 126000 | K6: =3.55*10^3 -> 3550 | L6: 15 | M6: =J6 -> 126000 | N6: =K6 -> 3550 | O6: =L6 -> 15 | P6: 6800 | Q6: =(C6-F6)*E6 -> 264 | R6: =D6/F6 -> 8.3333333 | S6: =171/SQRT(Input_disp_check!$C$6) -> 10.311688 | T6: =200/SQRT(Input_disp_check!$C$6) -> 12.060454 | U6: =407/SQRT(Input_disp_check!$C$6) -> 24.543023 | V6: =IF(R6<T6,1,"Warning") -> 1 | W6: 14.4 | X6: =W6-F6/2 -> 11.4 | Y6: =(X6^2+X6^2+(J6+M6)/H6) -> 706.41185 | Z6: =Input_disp_check!$C$10*F6^2/(3*Y6) -> 1372.0477 | AA6: =20*10^4 -> 200000 | AB6: =5.23*10^4 -> 52300 | AC6: 18.8 | AD6: 9.63 | AJ6: =2*D6*F6^3/3 -> 7200 | AK6: =F6^2*H6/3 -> 6772.8
B7: L- 65 x 65 x 6 | C7: 65 | D7: 65 | E7: 6 | F7: 6 | G7: =5.91*9.80665/1000 -> 0.057957302 | H7: =7.527*100 -> 752.7 | J7: =29.4*10^4 -> 294000 | K7: =6.26*10^3 -> 6260 | L7: 19.8 | M7: =J7 -> 294000 | N7: =K7 -> 6260 | O7: =L7 -> 19.8 | P7: 8900 | Q7: =(C7-F7)*E7 -> 354 | R7: =D7/F7 -> 10.833333 | S7: =171/SQRT(Input_disp_check!$C$6) -> 10.311688 | T7: =200/SQRT(Input_disp_check!$C$6) -> 12.060454 | U7: =407/SQRT(Input_disp_check!$C$6) -> 24.543023 | V7: =IF(R7<T7,1,"Warning") -> 1 | W7: 18.1 | X7: =W7-F7/2 -> 15.1 | Y7: =(X7^2+X7^2+(J7+M7)/H7) -> 1237.2077 | Z7: =Input_disp_check!$C$10*F7^2/(3*Y7) -> 783.40181 | AA7: =46.6*10^4 -> 466000 | AB7: =12.2*10^4 -> 122000 | AC7: 24.9 | AD7: 12.7 | AJ7: =2*D7*F7^3/3 -> 9360 | AK7: =F7^2*H7/3 -> 9032.4
B8: L- 75 x 75 x 9 | C8: 75 | D8: 75 | E8: 9 | F8: 9 | G8: =9.96*9.80665/1000 -> 0.097674234 | H8: =12.69*100 -> 1269 | J8: =64.4*10^4 -> 644000 | K8: =12.1*10^3 -> 12100 | L8: 22.5 | M8: =J8 -> 644000 | N8: =K8 -> 12100 | O8: =L8 -> 22.5 | P8: 34300 | Q8: =(C8-F8)*E8 -> 594 | R8: =D8/F8 -> 8.3333333 | S8: =171/SQRT(Input_disp_check!$C$6) -> 10.311688 | T8: =200/SQRT(Input_disp_check!$C$6) -> 12.060454 | U8: =407/SQRT(Input_disp_check!$C$6) -> 24.543023 | V8: =IF(R8<T8,1,"Warning") -> 1 | W8: 21.7 | X8: =W8-F8/2 -> 17.2 | Y8: =(X8^2+X8^2+(J8+M8)/H8) -> 1606.6524 | Z8: =Input_disp_check!$C$10*F8^2/(3*Y8) -> 1357.3373 | AA8: =102*10^4 -> 1020000 | AB8: =26.7*10^4 -> 267000 | AC8: 28.4 | AD8: 14.5 | AJ8: =2*D8*F8^3/3 -> 36450 | AK8: =F8^2*H8/3 -> 34263
AR14: mm⁴
AJ24: e' = Cx - t/2
A25: Note1. ASME BPVC Sec.III. NF -2025, NF-II-3000 참고
A26: b/t <= 200/sqrt(Sy) 일때 경우 allowable compression stress 수식에 Q = 1 로 적용가능, 즉 H 형강과 동일 수식
A27: b/t > 200/sqrt(Sy), 또는 b/t > 407/sqrt(Sy) 일때 NF-II-3400 식 (6), (7) 참고
A30: Note3. 비틀림 상수. NF-II-3000. (4). (b) 에서 2bt^3/3=t^2A/3 임. 본 table 에서는 midas gen 과 비교검증을 위해 동일한 계수 사용함 (round-off)
A32: Note4. 압축플랜지 + 압축 web height (net) /3 의 약축에 대한 단면2차 반경. AISC ASD 89 에서 rT
